-- phpMyAdmin SQL Dump
-- version 4.9.2
-- https://www.phpmyadmin.net/
--
-- Host: 127.0.0.1
-- Generation Time: Jan 28, 2020 at 09:35 AM
-- Server version: 10.4.11-MariaDB
-- PHP Version: 7.4.1

SET SQL_MODE = "NO_AUTO_VALUE_ON_ZERO";
SET AUTOCOMMIT = 0;
START TRANSACTION;
SET time_zone = "+00:00";


/*!40101 SET @OLD_CHARACTER_SET_CLIENT=@@CHARACTER_SET_CLIENT */;
/*!40101 SET @OLD_CHARACTER_SET_RESULTS=@@CHARACTER_SET_RESULTS */;
/*!40101 SET @OLD_COLLATION_CONNECTION=@@COLLATION_CONNECTION */;
/*!40101 SET NAMES utf8mb4 */;

--
-- Database: `MaledaNews`
--

-- --------------------------------------------------------

--
-- Table structure for table `Maleda_News_advertisement`
--

CREATE TABLE `Maleda_News_advertisement` (
  `adv_id` int(11) NOT NULL,
  `adv_location` varchar(255) NOT NULL,
  `adv_photo` varchar(255) NOT NULL,
  `adv_url` varchar(255) NOT NULL,
  `adv_status` varchar(20) NOT NULL
) ENGINE=InnoDB DEFAULT CHARSET=utf8;

--
-- Dumping data for table `Maleda_News_advertisement`
--

INSERT INTO `Maleda_News_advertisement` (`adv_id`, `adv_location`, `adv_photo`, `adv_url`, `adv_status`) VALUES
(1, 'Under Featured News', 'advertisement-1.jpg', 'https://www.zayride.com/', 'Hide'),
(2, 'Sidebar Top', 'advertisement-2.gif', 'https://www.zayride.com/', 'Show'),
(3, 'Sidebar Bottom', 'advertisement-3.jpg', 'https://www.zayride.com/', 'Show');

-- --------------------------------------------------------

--
-- Table structure for table `Maleda_News_category`
--

CREATE TABLE `Maleda_News_category` (
  `category_id` int(11) NOT NULL,
  `category_name` varchar(255) NOT NULL,
  `category_slug` varchar(255) NOT NULL,
  `status` varchar(30) NOT NULL,
  `meta_title` varchar(255) NOT NULL,
  `meta_keyword` text NOT NULL,
  `meta_description` text NOT NULL
) ENGINE=InnoDB DEFAULT CHARSET=utf8;

--
-- Dumping data for table `Maleda_News_category`
--

INSERT INTO `Maleda_News_category` (`category_id`, `category_name`, `category_slug`, `status`, `meta_title`, `meta_keyword`, `meta_description`) VALUES
(16, 'ቢዝነስ', 'business', 'Active', 'Business - Meta Title', 'Business - Meta Keyword', 'Business - Meta Description'),
(17, 'ሳይንስ', 'science', 'Active', 'Science - Meta Title', 'Science - Meta Keyword', 'Science - Meta Description'),
(18, 'ጤና', 'health', 'Active', 'Health - Meta Title', 'Health - Meta Keyword', 'Health - Meta Description'),
(19, 'ስፖርት', 'sport-news', 'Active', 'Sport - Meta Title', 'Sport - Meta Keyword', 'Sport - Meta Description'),
(20, 'ፖለቲካ', 'poletics', 'Active', 'Poletics - Meta Title', 'Poletics - Meta Keyword', 'Poletics - Meta Description'),
(21, 'መዝናኛ', 'entertainment', 'Active', 'Entertainment - Meta Title', 'Entertainment - Meta Keyword', 'Entertainment - Meta Description'),
(22, 'ስነ-ምግብ', 'food', 'Active', 'Food- Meta Title', 'Food- Meta Keyword', 'Food- Meta Description'),
(23, 'ተፈጥሮ', 'nature', 'Active', 'Nature - Meta Title', 'Nature - Meta Keyword', 'Nature - Meta Description');

-- --------------------------------------------------------

--
-- Table structure for table `Maleda_News_category_photo`
--

CREATE TABLE `Maleda_News_category_photo` (
  `p_category_id` int(11) NOT NULL,
  `p_category_name` varchar(255) NOT NULL,
  `status` varchar(30) NOT NULL
) ENGINE=InnoDB DEFAULT CHARSET=utf8;

--
-- Dumping data for table `Maleda_News_category_photo`
--

INSERT INTO `Maleda_News_category_photo` (`p_category_id`, `p_category_name`, `status`) VALUES
(1, 'ኢትዮጵያ', 'Active'),
(2, 'ኢትዮጵያ 2', 'Active');

-- --------------------------------------------------------

--
-- Table structure for table `Maleda_News_category_video`
--

CREATE TABLE `Maleda_News_category_video` (
  `v_category_id` int(11) NOT NULL,
  `v_category_name` varchar(255) NOT NULL,
  `status` varchar(30) NOT NULL
) ENGINE=InnoDB DEFAULT CHARSET=utf8;

--
-- Dumping data for table `Maleda_News_category_video`
--

INSERT INTO `Maleda_News_category_video` (`v_category_id`, `v_category_name`, `status`) VALUES
(2, 'ውቢቷ ኢትዮጵያ', 'Active');

-- --------------------------------------------------------

--
-- Table structure for table `Maleda_News_comment`
--

CREATE TABLE `Maleda_News_comment` (
  `id` int(11) NOT NULL,
  `code_body` text NOT NULL,
  `code_main` text NOT NULL
) ENGINE=InnoDB DEFAULT CHARSET=utf8;

--
-- Dumping data for table `Maleda_News_comment`
--

INSERT INTO `Maleda_News_comment` (`id`, `code_body`, `code_main`) VALUES
(1, '<div id=\"fb-root\"></div>\r\n<script>(function(d, s, id) {\r\n  var js, fjs = d.getElementsByTagName(s)[0];\r\n  if (d.getElementById(id)) return;\r\n  js = d.createElement(s); js.id = id;\r\n  js.src = \"//connect.facebook.net/en_US/sdk.js#xfbml=1&version=v2.10&appId=323620764400430\";\r\n  fjs.parentNode.insertBefore(js, fjs);\r\n}(document, \'script\', \'facebook-jssdk\'));</script>', '<div class=\"fb-comments\" data-href=\"https://developers.facebook.com/docs/plugins/comments#configurator\" data-numposts=\"5\"></div>');

-- --------------------------------------------------------

--
-- Table structure for table `Maleda_News_file`
--

CREATE TABLE `Maleda_News_file` (
  `file_id` int(11) NOT NULL,
  `file_title` varchar(255) NOT NULL,
  `file_name` varchar(255) NOT NULL
) ENGINE=InnoDB DEFAULT CHARSET=utf8;

--
-- Dumping data for table `Maleda_News_file`
--

INSERT INTO `Maleda_News_file` (`file_id`, `file_title`, `file_name`) VALUES
(1, 'test', 'file-1.zip');

-- --------------------------------------------------------

--
-- Table structure for table `Maleda_News_home_category`
--

CREATE TABLE `Maleda_News_home_category` (
  `id` int(11) NOT NULL,
  `category_id` int(11) NOT NULL,
  `category_order` varchar(10) NOT NULL,
  `category_layout` varchar(255) NOT NULL
) ENGINE=InnoDB DEFAULT CHARSET=utf8;

--
-- Dumping data for table `Maleda_News_home_category`
--

INSERT INTO `Maleda_News_home_category` (`id`, `category_id`, `category_order`, `category_layout`) VALUES
(14, 16, '2', '2 Columns'),
(15, 17, '', ''),
(16, 18, '', ''),
(17, 19, '3', '2 Columns'),
(18, 20, '1', '2 Columns'),
(19, 21, '', ''),
(20, 22, '', ''),
(21, 23, '', '');

-- --------------------------------------------------------

--
-- Table structure for table `Maleda_News_menu`
--

CREATE TABLE `Maleda_News_menu` (
  `menu_id` int(11) NOT NULL,
  `menu_type` varchar(255) NOT NULL,
  `menu_name` varchar(255) NOT NULL,
  `category_or_page_slug` varchar(255) NOT NULL,
  `menu_order` int(11) NOT NULL,
  `menu_parent` int(11) NOT NULL,
  `menu_url` varchar(255) NOT NULL
) ENGINE=InnoDB DEFAULT CHARSET=utf8;

--
-- Dumping data for table `Maleda_News_menu`
--

INSERT INTO `Maleda_News_menu` (`menu_id`, `menu_type`, `menu_name`, `category_or_page_slug`, `menu_order`, `menu_parent`, `menu_url`) VALUES
(2, 'Other', 'ዋና ገጽ', '', 1, 0, 'http://localhost/internship/'),
(3, 'Category', 'ስፖርት', 'sport-news', 4, 0, ''),
(4, 'Category', 'ቢዝነስ', 'business', 3, 0, ''),
(5, 'Category', 'ፖለቲካ', 'poletics', 2, 0, ''),
(6, 'Category', 'መዝናኛ', 'entertainment', 5, 0, ''),
(7, 'Other', 'ምስል', '', 7, 0, '#'),
(8, 'Page', 'የፎቶ ምስሎች', 'photo-gallery', 1, 7, ''),
(9, 'Page', 'የቪዲዮ ምስሎች', 'video-gallery', 1, 7, ''),
(10, 'Page', 'ስለኛ', 'about-us', 9, 0, ''),
(11, 'Page', 'ያግኙን', 'contact-us', 8, 0, ''),
(12, 'Category', 'ሳይንስ', 'science', 12, 13, ''),
(13, 'Other', 'ልዩ ልዩ', '', 6, 0, '#'),
(14, 'Category', 'ተፈጥሮ', 'nature', 14, 13, ''),
(15, 'Category', 'ጤና', 'health', 17, 13, ''),
(16, 'Category', 'ስነ-ምግብ', 'food', 19, 13, ''),
(17, 'Other', 'ግባ', '', 10, 0, 'http://localhost/internship/admin/login.php');

-- --------------------------------------------------------

--
-- Table structure for table `Maleda_News_news`
--

CREATE TABLE `Maleda_News_news` (
  `news_id` int(11) NOT NULL,
  `news_title` varchar(255) NOT NULL,
  `news_slug` varchar(255) NOT NULL,
  `news_content` text NOT NULL,
  `news_date` varchar(255) NOT NULL,
  `publisher` varchar(255) NOT NULL,
  `photo` varchar(255) NOT NULL,
  `status` varchar(30) NOT NULL,
  `source` varchar(255) NOT NULL,
  `is_featured` int(11) NOT NULL,
  `total_view` int(11) NOT NULL,
  `meta_title` varchar(255) NOT NULL,
  `meta_keyword` text NOT NULL,
  `meta_description` text NOT NULL
) ENGINE=InnoDB DEFAULT CHARSET=utf8;

--
-- Dumping data for table `Maleda_News_news`
--

INSERT INTO `Maleda_News_news` (`news_id`, `news_title`, `news_slug`, `news_content`, `news_date`, `publisher`, `photo`, `status`, `source`, `is_featured`, `total_view`, `meta_title`, `meta_keyword`, `meta_description`) VALUES
(49, 'በዓለማችን የመጀመሪያ የሆኑ ሕይወት ያላቸው ሮቦቶች ተሠሩ', 'science', '<p>የአሜሪካ ሳይንቲስቶች በዓለማችን የመጀመሪያ የሆኑ ሕይወት ያላቸው እና ራሳቸውን መልሰው መጠገን የሚችሉ ሮቦቶችን ከእንቁራሪት ግንደ ሕዋሳት /stem cells/ መሥራት መቻላቸውን ተናገሩ።</p>\r\n\r\n<p>&#39;ዜኖፐስ ሌኒስ&#39; ከተባሉ የአፍሪካ እንቁራሪቶች ዝርያ በተወሰዱ ግንደ ሕዋሳት የተሠሩት ሮቦቶቹ፣ &#39;ዜኖቦትስ&#39; የሚል ስያሜ ተሰጥቷቸዋል።</p>\r\n\r\n<p>እነዚህ ሮቦቶች /ማሽኖች/ ከአንድ ሚሊሜትር ያነሰ (0.04 ኢንች የሆነ) ስፋት ያላቸው ሲሆን፣ ይህ አነስተኛ መጠናቸው በሰው ሰውነት ውስጥ መንቀሳቀስ ያስችላቸዋል ተብሏል።</p>\r\n\r\n<p>ሮቦቶቹ መራመድ እና መዋኘት እንዲሁም ያለምግብ ለሳምንታት መቆየት የሚችሉ እና በቡድን የሚሠሩ መሆናቸውም ነው የተነገረው።</p>\r\n\r\n<p>ከተፍትስ ዩኒቨርሲቲ የአለን የግኝት ማዕከል ጋር በመሆን የሮቦቶቹን ምርምር ያከናወነው ቬርሞንት ዩኒቨርሲቲ፣ &quot;ማሽኖቹ ሙሉ ለሙሉ አዲስ የሕይወት ቅርፅ ናቸው&quot; ሲል ገልጿቸዋል።</p>\r\n\r\n<p>ግንደ ሕዋሳት ተለይተው የማይታወቁ እና ወደ ሌሎች የሕዋስ ዓይነቶች (ለምሳሌ የደም ሕዋስ) ወደ መሳሰሉት መቀየር የሚችሉ ሕዋሳት ናቸው።</p>\r\n\r\n<p>ሮቦቶቹን የሠሩት ጥናት አድራጊዎች ግንደ ሕዋሳትን ከእንቁራሪት ሽሎች በመውሰድ እና እንዲፈለፈሉ በማድረግ ካሳደጉ በኋላ በረቀቀ ኮምፒውተር ዲዛይን ወደ ተደረጉ የተለያዩ የሰውነት ቅርፆች እንደለወጧቸው ነው የተነገረው።</p>\r\n\r\n<p>የቬርሞንት ዩኒቨርሲቲ በዚህ ላይ ባወጣው የፕሬስ መግለጫው፣ &quot;እነዚህ ቅርፆች በተፈጥሮ ውስጥ ታይተው የማይታወቁ&quot; ናቸው ብሏል።</p>\r\n\r\n<p>ከምርምር አድራጊዎቹ አንዱ የሆኑት የቬርሞንት ዩኒቨርሲቲው ጆሹዋ ቦንጋርድ፣ ማሽኖቹ ለየት ያሉ አዲስ ግኝቶች መሆናቸውን ተናግረዋል።</p>\r\n\r\n<p>&quot;[ማሽኖቹ] ከቀድሞዎቹ ሮቦቶች ጋር የማይመሳሰሉ፣ ከእንስሳት ዝርያ ጋርም የማይገናኙ ናቸው፤&quot; ያሉት ተመራማሪው &quot;ሕይወት ያለው እና ፕሮግራም ሊደረግ (በኮምፒዩተር ክትትል ሊደረግለት) የሚችል አዲስ ዓይነት ሥሪት&quot; መሆኑን ነው የገለጹት።</p>\r\n\r\n<p>ዜኖቦትስ እንደ ቀድሞዎቹ ሮቦቶች የሚያብረቀርቁ ዘንጎች ወይም የሮቦት እጆች የላቸውም፤ ይልቁንም ቅርፅ አልባ የሆነ ትንሽዬ ተንቀሳቃሽ ሥጋ የሚመስሉ ናቸው።</p>\r\n\r\n<p>ይህ ደግሞ ሌሎች ብረት ለበስ የሆኑ ወይም ከፕላስቲክ የተሠሩ ሮቦቶች መሥራት የማይችሉትን ሥራ ማከናወን እንዲችሉ ታስቦ የተደረገ መሆኑን ተመራማሪዎቹ ተናግረዋል።</p>\r\n\r\n<p>ዜኖቦትስ &#39;ባዮሎጂካል&#39; ማሽኖች በመሆናቸው ለአካባቢ ተስማሚ እና ለሰው ልጆች ጤናም ምቹ መሆናቸውን ጥናቱ አመልክቷል።</p>\r\n\r\n<p>እነዚህ ማሽኖች ዘርፈ-ብዙ አገልግሎቶች ሊሰጡ እንደሚችሉም ነው ጥናቱ የጠቆመው።</p>\r\n\r\n<p>ከእነዚህም መካከል በሬዲዮአክቲቭ የሚፈጠር ቆሻሻን ለማፅዳት፣ በውቅያኖሶች ውስጥ ያሉ ጥቃቅን ፕላስቲኮችን ለመሰብሰብ፣ በሰው አካል ውስጥ መድኃኒት ለመሸከም እና የደም ቧንቧዎች ውስጥ በመጓዝ የረጋ ደምን የማፅዳት ሥራ ሊሠሩ ይችላሉ ተብሏል።</p>\r\n\r\n<p>ዜኖቦትስ ለቀናት ወይም ለሳምንታት ተጨማሪ ንጥረ ነገሮችን ሳያገኙ በቀዝቃዛ አካባቢዎች ውስጥ መኖር የሚችሉ መሆናቸው በሰውነት ውስጥ የመድኃኒት አቅርቦት ለማድረስ ተስማሚ ያደርጓቸዋል።</p>\r\n\r\n<p>ከእነዚህም ፈጣን ተግባሮች ባሻገርም ዜኖቦትስ ተመራማሪዎች ስለ ሕዋስ ባዮሎጂ ብዙ እንዲማሩ ሊረዱ ይችላሉ ተብሏል። ይህም ለሰው ልጆች ጤና እና ረጅም ዕድሜ የመኖር መፃኢ ለውጦች በር ከፋች ይሆናል ተብሏል።</p>\r\n\r\n<p>ምንጭ፦ ሲኤንኤን</p>\r\n', '16-01-2020', 'John Doe', '', 'Published', 'CNN', 0, 1, '', '', ''),
(50, 'የ6 ዓመት ህፃን በአውስትራሊያ የዱር እንስሳትን ለመታደግ አሻንጉሊት በመሸጥ ከ20 ሺህ ዶላር በላይ ማሰባሰቡ መነጋገሪያ ሆኗል', 'nature', '<p>በአውስትራሊያ በተነሳው ሰደድ እሳት የዱር አራዊት እየሞቱ መሆኑን ያወቀው ይህ የ6 ዓመት ህፃን ከቤተሰቦቹ ጋር በመሆን አንድ ነገር ማድረግ እንዳለበት ወሰነ፡፡</p>\r\n\r\n<p>ነዋሪነቱ አሜሪካ ማሳቹሴትስ ያደረገው ኦውን ኮሊ የተባለው ህፃን ከእናቱ ጋር በመመካከር በሸክላ የሚሰሩ ትናንሽ አሻንጉሊቶችን ቤቱ ሰርቶ ለመሸጥ ፈለገ፡፡</p>\r\n\r\n<p>ህፃኑ በእሳት አደጋው በአውስትራሊያ ደን ውስጥ ያሉ እንስሳትን ለማዳን ከ50 ዶላር ጀምሮ ድጋፍ ለሚያደርጉ ሰዎች አሻንጉሊቶቹን በቤተሰቡ በኩል ይሰጣል ነው የተባለው፡፡</p>\r\n\r\n<p>በዚህም ጥረቱ በአንድ ሳምንት ብቻ ከ20 ሺህ ዶላር በላይ ገንዘብ ማሰባሰብ መቻሉን ተነግሯል፡፡</p>\r\n\r\n<p>ህፃኑ 55 አሻንጉሊቶችን የሰራ ሲሆን በሚማርበት ትምህርት ቤት ያሉ የክፍሉ ተማሪዎችም አሻንጉሊቶቹን በመስራት አጋርነታቸውን እያሳዩ ነው ተብሏል፡፡</p>\r\n\r\n<p>ከሳምንታት በፊት በአውስትራሊያ የተነሳው ሰደድ እሳት ግማሽ ቢሊዮን የሚጠጉ የዱር እንስሳትን አሉታዊ ተፅዕኖ ውስጥ የከተተ ሲሆን በሚሊዮን የሚቆጠሩ ደግሞ መሞታቸውን ተመልክቷል፡፡</p>\r\n\r\n<p>ምንጭ፦ ሲ.ኤን.ኤን</p>\r\n', '16-01-2020', 'Kidus', 'news-50.jpg', 'Published', 'ሲ.ኤን.ኤን', 0, 0, '', '', ''),
(51, 'የምሳ ሰዓት አዳዲስ የዝውውርና ሌሎች ዜናዎች |', 'sport', '<p>ከሀገር ውስጥ&nbsp;&spades;<br />\r\nለሊት 10:30 በተደረገው የ1500ሜ የሴቶች ፍፃሜ<br />\r\nውድድር ወርቁን እንደምታገኝ ከፍተኛ ግምት ተሰቷት<br />\r\nየነበረችው ገንዘቤ ዲባባ አልተሳካላትም፤ኬኒያዊቷን<br />\r\nአትሌት ተከትላ ሁለተኛ ወታለች፡፡<br />\r\n★ብር በማግኘታችን እንኳን ደስ አላችሁ!!!!!!!!<br />\r\nከውጭ✈<br />\r\n&hearts;&nbsp;&hearts;&nbsp;&hearts;<br />\r\nዝላታን ኢብራሂሞቪች እስከአሁን ከተጫወትኩባቸው<br />\r\nክለቦች ምርጡ ዩናይትድ ነው እያለ ነው<br />\r\n★ዝላታን☞☞☞&quot; ጁቬንቱስ፣ሚላን እና ባርሴሎና<br />\r\nተጫውቻለሁ<br />\r\nማንቸስተር ስደርስ ግን የልምምድ ቦታው በራሱ ልዩ<br />\r\nሆኖብኛል። ለሁሉም ያለኝ ክብር እንዳለ ሆኖ ለኔ ትልቁ<br />\r\nክለብ ማንቸስተር ዩናይትድ ነው።&quot;<br />\r\n&hearts;&nbsp;&hearts;&nbsp;&hearts;<br />\r\nዴቪድ ደሂያ ስለ ፓግባ ሲናገር፡- ፖግባ ልዩ የሆነ ነገር<br />\r\nእንዳለዉ አስባለዉ፣ ከዚ በፍት በክለቡ በመጫወቱ<br />\r\nአሁን ቤቱ እንዳለ አይነት ስሜት ተሰምቶታል እሱ<br />\r\nበድጋሚ ቡድኑን በመቀላቀሉ ሁላችንም በጣም ደስ<br />\r\nብሎናል በአሁን ሰዓት እሱ በማንቸስተር የቀድሞ<br />\r\nየሚያውቃቸው ጓደኞቹን በማገኘቱ ቡድኑን ቶሎ<br />\r\nእንዲለምድ አድርገዋል።<br />\r\n&hearts;&nbsp;&hearts;&nbsp;&hearts;<br />\r\nሪያድ ማህሬዝ ከሌስተር ሲቲ ጋር ሊለቅ እንደሚችል<br />\r\nተናግሯል ፤ከFrance football ጋር ባደረገው ቆይታ<br />\r\n&quot;አለም ላይ ለመጫወት የምመኛቸው 3ክለቦች አሉ፤ከነሱ<br />\r\nየዝውውር ጥያቄ ከመጣልኝ አጤነዋለው ብሏል፡፡<br />\r\n&hearts;&nbsp;&hearts;&nbsp;&hearts;<br />\r\nየቫሌንሲያው ጀርመናዊ ተከላካይ ሽኮድረል ሙስጣፊ<br />\r\nወደ አርሰናል ለመግባት ከጫፍ መድረሱ እየተዘገበ<br />\r\nነው፤ከወደ ስፔን ያሉ ጋዜጦች እንደሚዘግቡት ሽኮድረል<br />\r\nሙስጣፊ ከቫሌንሲያ መልቀቁ አይቀሬ መሆኑን ተከትሎ<br />\r\nትሬኒንግ ራሱ ብቻውን ነው የሚሰራው ተብሏል፡፡<br />\r\n&hearts;&nbsp;&hearts;&nbsp;&hearts;<br />\r\nማን ዩናይትድ ማርከስ ሮሆን ወደ ሳውዝሀምተን<br />\r\nየመሸጥ ፍላጎት አለው ተብሏል፤የዚህ ምክንያት ደግሞ<br />\r\nእዛው ሳውዝሀምተን የሚጫወተውን ጆዜ ፎንቴ ወደ ኦልድ<br />\r\nትራፎርድ ለማምጣት ነው ሲል The Sun አስነብቧል፡፡<br />\r\n&hearts;&nbsp;&hearts;&nbsp;&hearts;<br />\r\nቪያሪያል የቼልሲውን አጥቂ ሊውክ ሬሚ ለማስፈረም<br />\r\nየመጣ አዲሱ ክለብ ሆኗል፤ኤቨርተን እና ክሪስታል ፓላስ<br />\r\nየልጁ ቀንደኛ ፈላጊ መሆናቸው ይታወቃል፡፡<br />\r\n&hearts;&nbsp;&hearts;&nbsp;&hearts;<br />\r\nበመክፈቻው ጨዋታ ወንበር አሟቂ ሆኖ ቢቆይም<br />\r\nፋብሪጋዝ በቼልሲ መቆየት ይፈልጋል ተብሏል፡፡<br />\r\n&hearts;&nbsp;&hearts;&nbsp;&hearts;<br />\r\nፖል ፖግባን የአለም ሪከርድ በሆነ ዋጋ ለማን<br />\r\nዩናይትድ በመሸጥ ጡንቻቸውን ያፈረጠሙት ጁቬንትሶች<br />\r\nየሪያል ማድሪዱን ኮሎምቢያዊ ጥበበኛ ሀሜስ ሮድሪጌዝ<br />\r\nለማስፈረም &euro;85M አዘጋጅቷል፡፡</p>\r\n\r\n<p>➤የሊቨርፑል ሀላፊዎች ባለፈዉ የዉድድር ዘመንስኬታማ ግዜን ከክለቡ ጋር ማሳለፍ ያቃተዉቤልጄማዊዉ አጥቂ ክሪስታን ቤንቴኬ ክለቡንበመልቀቅ ወደ ክሪስታል ፓላስ ይሄዳል ሲባልቢቆይም ዛሬ<br />\r\nየGoal .com ባወጣዉ መረጃ መሰረትከሆነ ቀዮቹ ፖላሶች ያቀረቡትን &pound; 23 ሚ የዝዉውርሂሳብ ዉድቅ አድርገዋል።<br />\r\n➤ከሴርያዉ ቻምፒዮን ጁቬንቱስ የአለም ሪከርድ በሆነዋጋ ቀያይ ሴጣኖቹን የተቀላቀለዉ ፈረንሳዊዉአማካይ የወጣለት ዋጋ ይገባዋል ሲል የዩናይትዱግብ ጠባቂ ዴቪድ ዴ ያአ ተናገረ &ldquo; እሱ የተለየ ተሰጦባለቤት ነዉ ስለሆነም የወጣበት ዋጋይገባዋል፣ከዚህ ቀደም የክለቡ ተጫዋች ስለነበርባይተዋርነት እንደማይሰማዉ እና ከክለቡተጫዋቾች ጋር ተዋህዶ ጥሩ የዉድድር ዘመንእንደሚያሳልፍ አምናለዉ &rdquo; ሲል ለተጫዋቹ ያለዉንአድናቆት ገልፁዋል፣እንደሚታወቀዉ ፖግባበፕሪሜርሊጉ መክፈቻ ጨዋታ ላይ ባይጫወትምበመጪዉ አርብ በሳዉዛምፕተን ጨዋታ ላይሊሰለፍ ይችላል ተብሎ ይጠበቃል።<br />\r\n➤ዛሬ የወጡ ሪፖርቶች እንደሚያመለክቱት ከሆነ ማንዩናይትዶች ብራዚላዊዉን አጥቂ ጋቢጎን &pound; 30 ሚየዝዉውር ሂሳብ በመክፈል በሚቀጥሉት 48 ሰአታትዉስጥ ተጫዋቹን የግላቸዉ ለማድረግእየተንቀሳቀሱ ይገኛል፣ቀደም ሲል የአምናዉሻምፒዮን ሌስተር ሲቲ ለተጫዋቹ ጥያቄንቢያቀርብም ክለቡ ሳንቶስ ግን ዩናይትዶች የተሻለየዝዉውር ሂሳብ በማቅረባቸዉ አሳልፈዉ ሊሰጡትወስነዋል።<br />\r\n➤አዲሱ የማን ሲቲ አሰልጣኝ ፔፕ ጋርዲዮላ በግብጠባቂያቸዉ ጆ ሀርት ምትክ ለመፈለግ እያሰቡ ነዉሲል<br />\r\nGoal .com ሰፊ ዘገባን አውጥቶአል፣ፔፕ አንድግብ ጠባቂ በእጁ ብቻ ሳይሆን በእግሩም መጫወትአለበት በቡድን እንቅሳቃሴም ላይ ተሳታፊ መሆንእንዳለበት እንደሚያምን ዘገባዉ የገለፀ ሲሆን ሀርትግን ከግብ ጠባቂነት ያለፈ አስተዋፆ እንደሌለዉ እናፊታቸዉን ወደ ዝዉውር መስኮት እያማተሩ እንደሆነዘገባዉ ገልፁዋል። ካላውዲዮ ብራቮምየ 14 .5 ሚ .ፖ ዝውውሩን ለማጠናቀቅምም ወደእንግሊዝ እንደበረረ ተገልፆአል።<br />\r\n➤ኢንተር ሚላኖች ለአርሰናሉ ኮከብ ሳንቼዝ &pound;69 ሚየዝዉውር ሂሳብ ለመክፈል ፍቃደኛ እንደሆኑአንዳንድ የጣልያን ጋዜጦች በመዘገብ ላይ ናቸዉበተለይም ታማኝ ከሚባሉ ጋዜጠኞች አንዱ የሆነዉግሊቺ ዲ ማሪዞ እንደ ገለፀዉ ከሆነ፣ሚላን ለሳንቼዝዝዉውር እስከ &pound; 69 ሚ ለመክፈል ፍቃደኛ ነዉበተለይ ደግሞ ሳንቼዝ ኮንትራት ለመፈረም ፍቃደኛያለመሆኑ ዝዉውሩን እዉን ሊያደርገዉ ይችላል ይህከሆነ አርሰናል ሌላ ቀዉስ ዉስጥ ይከተዋል ተብሎይታሰባል።<br />\r\n➤የቀድሞ የአርሰናል ስኬታማ ተጫዋች ኢያን ራይትስለክለቡ በሰጠዉ አስተያየት &ldquo; ከዚህ የባሰ የዉጤትቀዉስ ዉስጥ አርሰናል እንዳይገባ ሰጋት አለኝ &rdquo; ሲልተናግሩዋል፣ራይት ንግግሩን ሲቀጥል &ldquo; አሰልጣኝአርሰን ዌንገር በቀሪዎቹ ጥቂት ቀናት በዝዉውርመስኮቱ በንቃት መሳተፍ እንዳለባቸዉ አሳስቡዋል።<br />\r\n➤ቼልሲዎች ለሰይዱ ኩሊባሊ ዝውውር የመጨረሻያሉትን የተሻሻለ የ &pound; 43 ሚ . ፖ የዝውውር ሂሳብለናፖሊዎች እንዳቀረቡ ታወቀ። የተጨዋቹ ሰዎችዝውውሩ እውን እንደሚሆን ተማምነዋል።<br />\r\n➤መድፈኞቹ የማን ዩናይትድ የዝዉውር ኢላማ የሆነዉንየ 32 አመቱን የሳዉዛምፕተን አጥቂ ጆዜ ፎንቴንማስፈረም እንደሚፈልጉ ተገለፀ።<br />\r\n➤ማንቸስተር ዩናይትዶች የሳውዛምፕተኑን አምበልጆሴ ፎንቴ ለማዘዋወር አርጀንቲናዊውን ተከላካይማርኮስ ሮሆ የዝውውሩ አካል በማድረግ ሊሰጡስለመሆኑ ሚረር ዘግቦአል።<br />\r\n➤ዋትፎርዶች የጁቬንቱዙን አማካይ Robertopereyare ለማስፈረም ከስምምነት ላይመድረሳቸዉ ተገለፀ፣ተጫዋቹ በጁቬንቱስበ 2014 / 15 የዉድድር ዘመን 52 ጨዋታዎችንከክለቡ ጋር ማድረግ ችሉዋል።<br />\r\n➤የሌስተር ሲቲዉ አሰልጣኝ ክላዉዲዮ ራኔሪ በቀድሞየእንግሊዝ ብሄራዊ ቡድን አሰልጣኝ ሮይ ሆድሰንየመመረጥ እድልን ያላገኘዉ Dannz drinkwaterበቻምፒዮንስ ሊግ መሳተፋችን በሳማላርዳይዝስብስብ ዉስጥ እንዲካፈል መንገድ ይከፍትለታልብሎ እንደሚያምኑ ተናገሩ &ldquo; እሱ ምርጥ ተጫዋችነዉ፣በሱም ደስተኛ ነኝ፣በቻምፒዮንስ ሊጉየምናደርገዉ ጉዞ በብሄራዊ ቡድን የመመረጥእድልን ያስገኛል&rdquo; ብለዋል።<br />\r\n➤በሳምፕዶርያ የጀርመናዊዉ ተከላካይ ሙስጣፊየቡድን አጋር የነበረዉ Roberto sorianoተጫዋቹ መድፈኞቹን ለመቀላቀል መስማማቱን ተናገረ &ldquo; እሱ ስፔንን እንድላመድ ያግዘኛል ብዬ ነበር።አሁን ግን ደግሞ ለመሄድ ተዘጋጅቱዋል &rdquo; ሲልተደምጡዋል።</p>\r\n', '16-01-2020', 'Kidus', 'news-51.jpg', 'Published', '', 0, 0, '', '', ''),
(52, 'የዓለም አቀፉ ቀይ መስቀል ኮሚቴ ፕሬዝዳንት ከኢፌዴሪ ፕሬዝዳንት ሳህለወርቅ ዘውዴ ጋር ተወያዩ', 'politics-1', '<p>የዓለም አቀፉ ቀይ መስቀል ኮሚቴ ፕሬዝዳንት ፒተር ማውረር ከኢፌዴሪ ፕሬዝዳንት እና የኢትዮጵያ ቀይ መስቀል ማኅበር የበላይ ጠባቂ ከሆኑት ሳህለወርቅ ዘውዴ ጋር ተገናኝተው ተወያዩ።</p>\r\n\r\n<p>ፕሬዝዳንት ፒተር ዓለም አቀፉ ቀይ መስቀል ኮሚቴ በኢትዮጵያ በግጭት እና በዘውግ ብጥብጥ የተነሣ ለተጎዱ ሰዎች የሚያቀርበውን ሰብአዊ ድጋፍ አጠናቅሮ እንደሚቀጥል በውይይታቸው ላይ በድጋሚ ማረጋገጣቸውን ከኢትዮጵያ ቀይ መስቀል ማኅበር ያገኘነው መረጃ ጠቁሟል።</p>\r\n', '16-01-2020', 'Kidus', 'news-52.jpg', 'Published', 'EBC', 0, 1, '', '', ''),
(53, 'አየር መንገዱ ከ160 ቢሊየን ብር በላይ ገቢ ለማግኘት አቅዷል', 'business', '<p>የኢትዮጵያ አየር መንገድ በተያዘው የፈረንጆቹ ዓመት ከ160 ቢሊየን ብር በላይ ገቢ ለማግኘት አቅዶ እየሰራ መሆኑን አስታወቀ፡፡ &nbsp;</p>\r\n\r\n<p>የአየር መንገዱ ዋና ሥራ አስፈፃሚ አቶ ተወልደ ገብረማርያም አየር መንገዱ በሁሉም ዘርፎች በየጊዜው የሚያከናውናቸውን የረጅም ጊዜ ዕቅዶችን ለማሳካት በሚያደርገው ያላሰለሰ ጥረት ትርፋማና &nbsp;ውጤታማ እየሆነ መምጣቱን ገልጸዋል፡፡</p>\r\n\r\n<p>ከዚህ ቀደም በአማካኝ የሚያገኘው አመታዊ ገቢ&nbsp;ከ1 ቢሊየን ዶላር ያልበለጠ የነበረ ሲሆን&nbsp;አሁን ላይ በተከታታይ አመታት ባከናወናቸው ውጤታማ ሥራዎች ዓመታዊ ገቢው ከ4 ቢሊየን ዶላር በላይ መድረሱንም አስታውቀዋል፡፡</p>\r\n\r\n<p>የአየርመንገዱ አሁን ላይ በቀጣዮቹ 15 አመታት የሚተገብራቸውን ዕቅዶች አጠናቆ ወደ ሥራ ለመግባት እንቅስቃሴ ላይ እንደሚገኝ አስረድተዋል፡፡</p>\r\n\r\n<p>አየር መንገዱ በሚያከናውናቸው ውጤታማ ተግባራት በተለያዩ ጊዜያት ከተለያዩ አካላት የማበረታቻና የእውቅና ሽልማት ሲያገኝ እንደነበር የሚታወስ ነው፡፡</p>\r\n', '16-01-2020', 'Kidus', 'news-53.jpg', 'Published', 'EBC', 0, 3, '', '', ''),
(54, 'አውስትራሊያ በጣለላት ዝናብ “እፎይ” ብላለች', 'nature-1', '<p>በአውስትራሊያ ዝናብ በመዝነቡ የሙቀት መጠኑ መቀነስ ቢያሳይም የሰደድ እሳቱ ለወራት ሊቀጥል እንደሚችል የአገሪቱ ባለስልጣናት አስጠንቅቀዋል፡፡</p>\r\n\r\n<p>ቀለል ያለ ዝናብ በምስራቅ ጠረፍ፣ ከሲድኒ እስከ ሜልቦርን የዘነበ ሲሆን፤ በኒው ሳውዝ ዌልስ አንዳንድ አካባቢዎችም &nbsp;&quot;ከባድ&quot; ዝናብ መዝነቡ ተነግሯል፡፡</p>\r\n\r\n<p>በሰዎች ላይ የሚደርሰውን አደጋ ለመቀነስ በካንቤራ የአውስትራሊያ ብሄራዊ ጋለሪ ና በዋና ከተማዋ የሚገኘው የአውስትራሊያ ብሄራዊ ዩኒቨርስቲ መዘጋታቸውም ተነግሯል፡፡</p>\r\n\r\n<p>በሜልቦርን ከተማ ባለው ከፍተኛ ጭስ ምክንያት የእይታ መጠኑ ከአንድ ኪ.ሜ በታች መሆኑን የቪክቶሪያ ሜቲዎሮሎጂ ቢሮ ማስታወቁን ነው ቢቢሲ የዘገበው፡፡</p>\r\n\r\n<p>በዋና ከተሞች እና ከከተማ ውጭ ባሉ አካባቢዎች ሰማዩ ቀይ ሆኖ የታየ ሲሆን አየሩን ያጨፈገገው ጭስ እንዲሁም የሚረግፍ አመድም በስፋት ተስተውሏል፡፡</p>\r\n\r\n<p>እሳቱ ከተነሳ ከመስከረም ወር ጀምሮ ቢያንስ 24 ሰዎች ህይወታቸውን ሲያጡ ከ500 ሚሊዮን በላይ የዱር እንስሳት እና አእዋፋት በቃጠሎው ህይወታቸውን አጥተዋል፡፡<br />\r\n&nbsp;</p>\r\n', '16-01-2020', 'Kidus', 'news-54.jpg', 'Published', 'Walta', 0, 0, '', '', ''),
(55, 'በቅዱስ ጳውሎስ ሆስፒታል የመካንነት ሕክምና ሲከታተሉ የነበሩ ጥንዶች ልጅ ማግኘት ችለዋል', 'health', '<p>በቅዱስ&nbsp;ጳውሎስ&nbsp;ሆስፒታል&nbsp;ሚሊኒየም&nbsp;ሕክምና&nbsp;ኮሌጅ&nbsp;የመካንነት&nbsp;ሕክምና&nbsp;ማዕከል&nbsp;ህክምናቸውን&nbsp;ሲከታተሉ&nbsp;የነበሩ&nbsp;ጥንዶች&nbsp;በተደረገላቸው&nbsp;ህክምና&nbsp;ልጅ&nbsp;ማግኘታቸው&nbsp;ተገለጸ።</p>\r\n\r\n<p>ለሰባት&nbsp;ዓመታት&nbsp;በጋብቻ&nbsp;ሲኖሩ&nbsp;ልጅ&nbsp;ማፍራት&nbsp;ያልቻሉት&nbsp;ጥንዶቹ፤&nbsp;ሆስፒታሉ&nbsp;ባለፈው&nbsp;ዓመት&nbsp;ሚያዚያ&nbsp;ወር&nbsp;ላይ&nbsp;ባስጀመረው&nbsp;የመካንነት&nbsp;ሕክምና&nbsp;ማእከል&nbsp;በተደረገላቸው&nbsp;ክትትል&nbsp;ነው&nbsp;የመጀመሪያ&nbsp;ልጃቸውን&nbsp;ማቀፍ&nbsp;የቻሉት።</p>\r\n\r\n<p>ጥንዶቹ&nbsp;ልጅ&nbsp;ማግኘት&nbsp;የቻሉት&nbsp;የኢንትሮ&nbsp;ቪትሮ&nbsp;ፈርትላይዜሽን&nbsp;በተባለ&nbsp;ህክምና&nbsp;ሲሆን፣&nbsp;በቀጣይ&nbsp;ወራቶች&nbsp;70&nbsp;የሚደርሱ&nbsp;እናቶችም&nbsp;በዚሁ&nbsp;ህክምና&nbsp;ልጃቸውን&nbsp;ያቅፋሉ&nbsp;ነው&nbsp;የተባለው።</p>\r\n\r\n<p>በኢትዮጵያ&nbsp;ከዚህ&nbsp;በፊት&nbsp;የመካንነት&nbsp;ችግር&nbsp;ስርጭት&nbsp;ከፍተኛ&nbsp;መሆኑ&nbsp;ቢታመንም&nbsp;በተወሰነ&nbsp;መልኩ&nbsp;ምርመራዎችን&nbsp;ከማድረግ&nbsp;የዘለለ&nbsp;በበቂ&nbsp;ሁኔታ&nbsp;የህክምና&nbsp;መፍትሔ&nbsp;ለመስጠት&nbsp;የሚያስችል&nbsp;የተደራጀ&nbsp;የህክምና&nbsp;ተቋም&nbsp;አልነበረም።</p>\r\n\r\n<p>ለዚህ&nbsp;ህክምና&nbsp;በመንግስት&nbsp;የጤና&nbsp;ተቋም&nbsp;ደረጃ&nbsp;የቅዱስ&nbsp;ጳውሎስ&nbsp;ሆስፒታል&nbsp;ሚሊኒየም&nbsp;ሕክምና&nbsp;ኮሌጅ&nbsp;የመጀመሪያው&nbsp;ነው።</p>\r\n\r\n<p>ከሆስቲታሉ&nbsp;ያገኘነው&nbsp;መረጃ እንደሚያመለክተው ከዚህ&nbsp;ቀደም&nbsp;ብዙ&nbsp;ጥንዶች&nbsp;በከፍተኛ&nbsp;ወጪ&nbsp;ለህክምናው&nbsp;ወደ&nbsp;ውጪሀገር&nbsp;ለመሄድ&nbsp;ሲገደዱ፥&nbsp;በዚህም&nbsp;ከፍተኛ&nbsp;የውጭ&nbsp;ምንዛሪ&nbsp;ይባክን&nbsp;ነበር።</p>\r\n\r\n<p>ሆስፒታሉ በመጪዎቹ&nbsp;ሁለት&nbsp;ዓመታት&nbsp;ሆስፒታሉ&nbsp;በሀገር&nbsp;ውስጥ&nbsp;የማይገኙ&nbsp;ሌሎች&nbsp;የሕክምና&nbsp;አገልግሎቶችን&nbsp;ለመጀመር&nbsp;በሂደት&nbsp;ላይ&nbsp;ይገኛል፡፡</p>\r\n', '16-01-2020', 'Kidus', 'news-55.png', 'Published', 'EBC', 0, 0, '', '', ''),
(56, 'ቢሊየነሩ ወደ ጨረቃ ለሚያደርጉት ጉብኝት ‘ውኃ አጣጭ’ ፍለጋ ላይ ናቸው', 'science-1', '<p>ጃፓናዊው ቢሊየር ዩሳኩ ማኢዛዋ ለመጀመሪያ ጊዜ ወደ ጨረቃ ለሚደረገው የሽርሽር ጉዞ አብራቸው የምትጓዝ &lsquo;የሕይወት አጋር&rsquo; ፍለጋ ጥሪ ማቅረባቸው እያነጋገረ ነው።</p>\r\n\r\n<p>በፋሽን ዘርፍ የተሰማሩት የ44 ዓመቱ ባለሀብት በስፔስ ኤክስ አማካኝነት ወደ ጨረቃ በሚያደርጉት ጉብኝት የመጀመሪያው ግለሰብ ይሆናሉ።</p>\r\n\r\n<p>እ.አ.አ በ2023 ቀጠሮ የተያዘለት ይኸው የሕዋ ጉብኝት ከ1972 በኋላ ወደ ጨረቃ የሚካሔድ የመጀመሪያው ጉዞ ይሆናል።</p>\r\n\r\n<p>ሚስተር ማኢዛዋ በድረ ገጽ ባቀረቡት ጥሪ &ldquo;ልዩ&rdquo; ከሆነች ሴት ጋር ጉዟቸውን መጋራት እንደሚፈልጉ ገልጸዋል።</p>\r\n\r\n<p>ከ27 ዓመቷ ተዋናይት እጮኛቸው አያሜ ጎሪኪ ጋር በቅርቡ የተለያዩት ባለሀብቱ &ldquo;በዕቅድ በያዙት የጥምረት ሁነት ላይ ለመገኘት&rdquo; ሴቶች እንዲያመለክቱ በድረ ገጻቸው ያቀረቡት ጥሪ አነጋጋሪ ሆኗል።</p>\r\n\r\n<p>&ldquo;ብቸኝነት እና የባዶነት ስሜት እየተሰማኝ ነው፤ በዚህም የተነሣ ስለ አንድ ጉዳይ እያሰብኩ ነው፤ እርሱም አንዲት ሴት ማፍቀር ነው&rdquo; በማለት አትተዋል።</p>\r\n\r\n<p>&ldquo;&lsquo;የሕይወት አጋር እፈልጋለሁ&rsquo; ያሉት ማኢዛዋ &ldquo;ከአጋሬም ጋር ስለ ፍቅራችንና ስለ ዓለም ሰላም ሕዋ ላይ ሆኜ መናገር እሻለሁ&rdquo; ብለዋል።</p>\r\n\r\n<p>ድረ ገጹ ቅድመ ሁኔታዎችን ጨምሮ የሦስት ወራት የመምረጫ ሒደት ጊዜም አስቀምጧል።</p>\r\n\r\n<p>በመረጃው መሠረት አንዲት አመልካች ያላገባች፣ ዕድሜዋ ከ20 ዓመት በላይ የሆነች፣ ሁልጊዜም አዎንታዊ አስተሳሰብ ያላት ብሎም ወደ ሕዋ ለመሔድ ፍላጎት ያላት መሆን እንዳለባት ጠቅሷል።</p>\r\n\r\n<p>ጃፓናዊው ባለሀብት ማኢዛዋ ወደ ሦስት ቢሊየን ዶላር የሚገመት ጠቅላላ ሀብት እንዳላቸውም በዘገባው ላይ ተመልክቷል።</p>\r\n\r\n<p>የማመልከቻ ጊዜው እ.አ.አ እስከ ጥር 17 ቀን 2020 ቀነ ገደብ የተቀመጠለት ሲሆን፣ የመጨረሻዋ አጋር ማንነት ውጤት ደግሞ በመጪው መጋቢት ወር ውስጥ ይታወቃል ተብሏል።<br />\r\nሚስተር ማኢዛዋ ወደ ሕዋ ለመጓዝ የከፈሉት የገንዘብ መጠን ባይገለጽም፣ የስፔስ ኤክስ ባለቤት የሆኑት ሚስተር ኤሎን ሙስክ ግን &ldquo;በጣም ብዙ ገንዘብ&rdquo; ሲሉ ተናግረዋል።</p>\r\n\r\n<p>ሚስተር ማኢዛዋ ወደ ሕዋ በሚያደርጉት ጉዞ ላይ የጥበብ ባለሞያዎች ቡድን ይዘው የመጓዝ ዕቅድ እንዳላቸውም ተናግረዋል።</p>\r\n\r\n<p>ጨረቃም ከሦስት ዓመት በኋላ ከምርምር በዘለለ ጎብኚዎችን በማስተናገድ አዲስ ታሪክ እንዲጻፍ በር ትከፍታለች።</p>\r\n\r\n<p>ምንጭ፦ ቢቢሲ</p>\r\n', '16-01-2020', 'Kidus', 'news-56.jpg', 'Published', 'Walta', 0, 1, '', '', ''),
(57, 'ማርት ስልኮች ከፍተኛ የመረጃ ስርቆት ሊያጋጥማቸው እንደሚችል ተጠቆመ', 'science-1', '<p>ዓለም አቀፍ ደረጃ ስማርት ስልኮች የሚጠቀሙ ሰዎች በያዝነው የፈረንጆች 2020 ውስጥ ካለፈው ዓመት ጋር ሲነጻጸር ከፍተኛ የመረጃ ስርቆት ሊያጋጥማቸው እንደሚችል ተጠቆመ።</p>\r\n\r\n<p>በቅርቡ ይፋ በተደረገ ጥናት የስልክ መረጃ ስርቆት በ2019 በ54 በመቶ የጨመረ ሲሆን፣ ይህም አሐዝ እ.አ.አ 2020 ውስጥ ተንቀሳቃሽ ስልክ ቫይረሶች እና የባንክ ቶርሮጃኖች ጋር ተያይዞ የበለጠ እንደሚጨምር ትንበያውን አስቀምጠዋል፡፡</p>\r\n\r\n<p>የሳይበር ማስፈራሪያዎችን ጨምሮ የሳይበር ደህንነት አደጋዎች ካለፈው ዓመት አንጻር እ.አ.አ 2020 ላይ ከስድስት ጊዜ እጥፍ በላይ ሊጨምሩ ስለሚችሉ፣ የዳታ ትንተናዎች የወንጀል ሁኔታዎችን ለመተንበይ እና የሳይበር ወንጀሎችን ለመቀነስ ወሳኝ መፍትሔ ይሆናሉ ሲል የዘጋርዲያን ሪፖርት አመልክቷል፡፡</p>\r\n\r\n<p>&ldquo;የሳይበር ጥቃቶች እየጨመሩ ነው፤ ወደፊትም ይጨምራሉ። እውነታው ይሆናል ወይም አይሆንም ሳይሆን መቼ የሚለው ጉዳይ ነው። ኩባንያዎች የሳይበር ደህንነት አቋማቸውን ለማሳደግ እና የሚጋጥማቸውን ችግር አስቀድሞ ለመከላከል ቀጣይነት ያለው የክትትል ማዕቀፍ ሊኖራቸው ይገባል&rdquo; ሲሉ በሕንድ የግራንት እና ትሮንተን ኩባንያ የሳይበር እና የኢንፎርሜሽን ቴክኖሎጂ አማካሪ የሆኑት አክሻይ ጋርከል ተናግረዋል።</p>\r\n\r\n<p>የአምስተኛ ትውልድ ቴክኖሎጂ እና ኢንተርኔትን መሠረት ያደረጉ የቴክኖሎጂ ቁሶች መስፋፋት ጋር ተያይዞ የመረጃ ፍጥነት የሚጨምር ቢሆንም፣ የሳይበር ጥቃቶች ፍጥነት እንዲሁ አብሮ ያድጋል ሲል ግራንት ትሮንተን የተሰኘው እውቅ የሒሳብ መዝገብ አያያዝ እና አማካሪ ድርጅት ገልጿል።</p>\r\n\r\n<p>ኢንተርኔትን መሠረት ያደረጉ የቴክኖሎጂ ቁሶች ለመረጃ ደህንነት አዲስ ተግዳሮት ያመጣሉ&rdquo; በማለት &lsquo;የ2019 የሳይበር ጥቃቶች እና የ2020 መጻኢ ሁኔታዎች&rsquo; በሚል ጭብጥ የቀረበው ጥናት አመልክቷል። &nbsp;</p>\r\n\r\n<p>&nbsp;</p>\r\n', '16-01-2020', 'Kidus', '', 'Published', 'Walta', 0, 1, '', '', ''),
(58, 'የ2021 አፍሪካ ዋንጫ ጥር ላይ እንዲካሄድ ተወሰነ', 'sport-1', '<p>ቀጣዩ የ2021 የአፍሪካ ዋንጫ ጥር ወር ላይ እንደሚካሄድ አዘጋጅ ሃገር ካሜሮን አስታወቀች።</p>\r\n\r\n<p>የአፍሪካ ዋንጫ ውድድር ይዘጋጅ የነበረው በወርሃ ሰኔ እና ሐምሌ ላይ የነበረ ሲሆን፣ እነዚህ ወራት በካሜሩን ዝናባማ ስለሚሆኑ ወደ ጥር እንዲዘዋወር ተደርጓል ነው የተባለው።</p>\r\n\r\n<p>ይህ ማለት በእንግሊዝ ፕሪሚየር ሊግ የሚጫወቱ እና ለአፍሪካ ዋንጫ የሚያልፉ ሀገራት ተጫዋቾች እስከ ስድስት የክለብ ጨዋታ ያመልጣቸዋል።</p>\r\n\r\n<p>ትናንት የአፍሪካ እግር ኳስ ኮንፌዴሬሽን-ካፍ እና የካሜሮን እግር ኳስ ፌዴሬሽን ያካሄዱትን ስብሰባ ተከትሎ የካፍ ፕሬዝዳንት በትዊተር ገጻቸው ላይ &quot;የ2021 የአፍሪካ ዋንጫ ከጥር 1 እስከ ጥር 29 ድረስ ይካሄዳል። የጊዜ ለውጡ በአየር ጠባይ ምክንያት በካሜሮን ጥያቄ መሠረት ተቀይሯል&quot; ሲሉ አስፍረዋል።</p>\r\n\r\n<p>የካፍ ምክትል ፕሬዝዳንት ቶንይ ባፉኤ በበኩላቸው&nbsp;በቀን ለውጡ ላይ ከካሜሮን ሜትዮሮሎጂ ባለሥልጣናት፣ አሰልጣኞች እና ተጫዋቾች ጋር እንዲሁም የውድድሩ አዘጋጅ ኮሚቴ ጋር በጥልቅ መወያየታቸውን አስረድተዋል።</p>\r\n\r\n<p>ካሜሮን የ2019 ዋንጫን እንድታዘጋጅ ተመርጣ እንደነበረ ይታወሳል። ይሁን እንጂ ከስታዲየም ግንባታ እና ከአጠቃላይ ዝግጅት ጋር ተያይዞ የነበራት ዝግጁነት ዘገምተኛ ነው ከተባለ በኋላ ነበር ግብጽ እንድታዘጋጅ እድሉ የተሰጣት። (ምንጭ፡-ቢቢሲ)</p>\r\n', '16-01-2020', 'Kidus', 'news-58.jpg', 'Published', 'Walta', 0, 1, '', '', ''),
(59, 'የዘረፈውን ገንዘብ \'መልካም በዓል\' እያለ የበተነው አዛውንት በቁጥጥር ስር ዋለ', 'entertainment', '<p>ሰኞ ምሳ ሰዓት ላይ በኮሎራዶ ወደሚገኘው የአካዴሚ ባንክ የ65 ዓመቱ አዛውንት ያመሩት እንደ &#39;ገና አባት&#39; ስጦታ ይዘው ቸር እየተመኙ በዓሉን ለማድመቅ አልነበረም፤ ለመዝረፍ ነው።</p>\r\n\r\n<p>ባንኩን ከዘረፉ በኋላ ጎዳና ላይ በመውጣት &quot;መልካም በዓል፤ መልካም ገና&#39;&#39; እያሉ ገንዘቡን መበተን የጀመሩት አዛውንቱ ምናልባት በአእምሯቸው ውስጥ የገና አባትን ለሚጠብቁ ምንዱባን ልድረስላቸው ብለው ይሆናል። ይህ ግን ከእርሳቸው ቃል አልተረጋገጠም።</p>\r\n\r\n<p>ጢማሙን አዛውንትና ተግባራቸውን ያዩ ለኮሎራዶ ጋዜጠኞች ቃላቸውን ሲሰጡ እንዲህ ብለዋል።&nbsp; &quot;ባንኩን ዘርፎ ከወጣ በኋላ ገንዘቡን በየአቅጣጫው አርከፈከፈው&quot; ፖሊስም &quot; ነጭ ጢማም አዛውንት&quot; ሰኞ ምሳ ሰዓት ላይ በኮሎራዶ አካዴሚ ባንክን ዘርፏል ሲል አስረድቷል።</p>\r\n\r\n<p>የዓይመን እማኙ አክለው &quot; &#39;መልካም ገና&#39; እያለ ገንዘቡን ከቦርሳው እያወጣ በተነው።&quot; ብለዋል።</p>\r\n\r\n<p>ሁኔታቸውን ለተመለከተ ባንክ የሚዘርፉ ሳይሆን እርዳታ የሚጠይቁ አዛውንት ይምሰሉ እንጂ እርሳቸው ግን ፊቴ ቢያረጅም ልቤ አላረጀም ያሉ ይመስላል።</p>\r\n\r\n<p>ባንኩን ከዘረፉ በኋላ፤ ገንዘቡን እንደቄጤማ ጎዳናው ላይ ጎዝጉዘው ወደ ስታር ባክስ ቡና መሸጫ ሄዱ። አንድ ወፍራም ቡና እንደወረደ ለማለት አልነበረም።</p>\r\n\r\n<p>ፖሊስ ለመጠበቅ። ፖሊስ እንዳልጠፋብህ እዚህ ተቀምጫለሁ ዓይነት ነው።</p>\r\n\r\n<p>ፖሊስ ካቴናውን እያቅጨለጨለ መጥቶ ከወሰዳቸው በኋላ ቁጥር ሰጥቶ ስም አስፍሮ ፎቶ አንስቶ እስር ቤት ወርውሯቸዋል።</p>\r\n\r\n<p>በወቅቱ በዚያ መንገድ ላይ እግር ጥሏቸው የተገኙ መንገደኞች እጃቸው የቻለውን ያህል ሰብስበው አልወሰዱም። ይልቅስ አንድ ሁለት ብለው ቆጥረው ለተዘረፈው ባንክ መመለሳቸው ታውቋል።</p>\r\n\r\n<p>የኮሎራዶ ፖሊስ ተጠርጣሪው&nbsp;ግለሰብ ስሙ ዴቪድ ዋይን እንደሚባል ገልጾ እድሜው 65 ነው ካለ በኋላ፤ ማንም አልረዳውም ወንጀሉን ብቻውን ነው የፈፀመው ብሏል። (ምንጭ፡-ቢቢሲ)</p>\r\n', '16-01-2020', 'Kidus', 'news-59.jpg', 'Published', 'Walta', 0, 5, '', '', ''),
(60, 'ከመልክም ባለፈ መመሳሰላቸው እጅጉን የበዛ መንትዮች', 'entertainment-1', '<p>የመንትዮች በተለይም ከአንድ የዘር እንቁላል የተፈጠሩ፤ በፆታም በመልክም ፍፁም አንድ ዓይነት የሆኑ መንትዮች በብዙ ነገር መመሳሰል የሚያስገርም አይደለም።</p>\r\n\r\n<p>የናይጄሪያዎቹ መንትዮች ፍሎረንስ ኦላዎይን እና ኢኑስ ኪሂንዴ አድሪናን መመሳሰል ግን ከተለመደው ውጭ እጅግ የበዛ ይመስላል።</p>\r\n\r\n<p>የ55 ዓመቶቹ መንትዮች ያገቡት የወለዱትም በአንድ ቀን ነው። አንድ ላይ ሆነው ቤተ ክርስትያን አቋቁመዋል፤ እነሱም ባሎቻቸውም ፓስተሮች ናቸው።</p>\r\n\r\n<p>መንትዮቹ እድሜያቸውን ሙሉ አብረው ነው የኖሩት። በአሁኑ ወቅትም በደቡብ ምእራብ ናይጄሪያዋ አይባዳን ከተማ አንድ ግቢ ውስጥ ከየቤተሰቦቻቸው ጋር እየኖሩ ነው።</p>\r\n\r\n<p>&quot;ልጆች እያለን በተለይም በቤት ውስጥ ሥራ እንጣላ ነበር ግን ማንም፤ ወላጆቻችን እንኳ አያስታርቁንም ነበር። እራሳችን ነበርን የምንታረቀው&quot; ትላለች ኦላዎይን።</p>\r\n\r\n<p>በናይጄሪያ ዮሩባ ባህል መንትዮች ሁሉ በአንድ ዓይነት ስም ይሰየማሉ። ከማህፀን መጀመሪያ የወጣው &#39;ታይዮ&#39; ሲባል ትርጓሜው የመጀመሪያ ማለት ነው። ሁለተኛው ደግሞ &#39;ኪህንዴ&#39; ሁለተኛ ይባላል።</p>\r\n\r\n<p>የሁለተኛ ደረጃ ተማሪዎች ሳሉ በመተሳሰብ የአንዳቸውን ቅጣት ሌላኛቸው ተቀብለዋል። አስተማሪዎቻቸው ሳያውቁት አንዳቸው ለሌላኛቸው ፈተና ተፈትነዋል።</p>\r\n\r\n<p>በእቅድ ይሁን ግጥምጥሞሽ ሁለቱም በአንድ ቀን በአንድ ሆስፒታል ወልደዋል። ልጆቻቸውን በአንድ ቀን አስጠምቀዋል። አንዳቸው እቤት ውስጥ ከሌሉ ቤት ያለ የሁለቱንም ህፃናት ልጆች ያጠባም ነበር።</p>\r\n\r\n<p>ልጆቻቸው አሁን ትልልቅ ሲሆኑ በተለይም በስልክ እናቶቻቸውን በድምፅ መለየት እንደሚቸግራቸው ይናገራሉ።</p>\r\n\r\n<p>(ምንጭ ቢቢሲ)</p>\r\n', '16-01-2020', 'Kidus', 'news-60.jpg', 'Published', 'Walta', 0, 2, '', '', ''),
(61, 'የእናቶችና ሕጻናትን ሞት ለመቀነስ በትኩረት እየተሰራ ነው', 'health-1', '<p>ኢትዮጵያ የእናቶችና ህጻናትን ሞት ለመቀነስ በከፍተኛ ትኩረት እየሰራች መሆኗን የጤና ሚኒስቴር ገለጸ፡፡</p>\r\n\r\n<p>&ldquo;እናት የቤተሰብና የሀገር ምሰሶ ነች!&rdquo; በሚል መሪ ሐሳብ &nbsp;ለ14ኛ ጊዜ እየተከበረ ባለው የጤናማ እናትነት ወር ላይ የተገኙት ፕሬዝደንት ሳህለወርቅ ዘውዴ የእናቶችና ህጻናትን ሞት መቀነስ በሁሉም አካላት ትኩረት ሊሰጠው የሚገባና &nbsp;ወቅቱንም የጠበቀ ነው ብለዋል፡፡</p>\r\n\r\n<p>የእናቶችን ሞት ለመቀነስ የሚደረገው ዘመቻ የአንድ ወቅት ሳይሆን ዓመቱን ሙሉ ሊሰራበት የሚገባ መሆኑንም ፕሬዝዳንቷ ጠቁመዋል፡፡</p>\r\n\r\n<p>የእናቶች መከራ በወሊድ ጊዜም ብቻ ሳይሆን በወር አበባ ጊዜ የሚጀምር በመሆኑ ሴቶችን ከለጋ እድሜ ጀምሮ መንከባከብና መደገፍ ያስፈልጋል ብለዋል፡፡</p>\r\n\r\n<p>በኢትዮጵያ አሁንም ከፍተኛ ቁጥር ያላቸው እናቶች ከጤና ተቋማት ውጭ ይወልዳሉ ያሉት ፕሬዝዳንት ሳህለወርቅ &nbsp;ይህ መዘዙ ሰፊ በመሆኑ በቅንጅት መስራት እንደሚገባ አሳስበዋል፡፡</p>\r\n\r\n<p>የጤና ሚኒስቴር ዴኤታ ሊያ ታደሰ በበኩላቸው በቤት ውስጥ መውለድ፣ ወደ ጤና ተቋማት ሄዶ ለመውለድ ምቹ ሁኔታ አለመኖር እና አንዳንዴ ወደ ጤና ተቋማት የደረሱ እናቶች ተገቢውን አገልግሎት በወቅቱ አለማግኘት ለእናቶች ሞት በምክንያትነት &nbsp;ይጠቀሳሉ ብለዋል፡፡</p>\r\n\r\n<p>በኢትዮጵያ በየዓመቱ 3 ነጥብ 2 ሚሊየን እናቶች እንደሚጸንሱ ጠቅሰው፣ የእናቶች እና ህጻናትን ሞት ለማስቀረት ሁሉም የድርሻውን እንዲወጣም ሚኒስትር ዴኤታዋ ጠይቀዋል፡፡</p>\r\n\r\n<p>&nbsp;</p>\r\n', '16-01-2020', 'Kidus', 'news-61.jpg', 'Published', 'Walta', 0, 1, '', '', ''),
(63, 'ለአንድ አመት ሳይበላሽ የሚቆይ አፕል በገበያ ላይ ዋለ', 'food', '<p>በአሜሪካ በአይነቱ አዲስ የሆነ የአፕል ዝርያ ይፋ ተደርጓል፤ ባሳለፍነው እሁድም ለገበያ ውሏል።</p>\r\n\r\n<p>ፍሪጅ ውስጥ ለአንድ አመት ያህል ቢቆይ የማይበላሽ ሲሆን፤ ይህንንም ዝርያ ለማግኘት ሁለት አስርታት ፈጅቷል።</p>\r\n\r\n<p>ኮስሚክ ክሪስፕ የሚል ስያሜ የተሰጠው ይሄ አፕል በዋሽንግተን ስቴት ዩኒቨርስቲ ከሃያ ሁለት አመታት በፊት ተመርቶ የነበረው ሃኒክሪስፕ ጋር የተዳቀለ ነው ነው ተብሏል።</p>\r\n\r\n<p>በዋሽንግተን አካባቢ የሚገኙ አርሶ አደሮች በቀጣዩ አስር አመታትም አፕሉን እንዲያመርቱ ብቸኛ መብት ተሰጥቷቸዋል።</p>\r\n\r\n<p>ከሌላው አፕል ጋር ሲነፃፀር ትንሽ ጠንከር ያለ ሲሆን፤ ጣፋጭ እንዲሁም ፈሳሹም በርከት ያለ እንደሆነ ይህንን ዝርያ የማምረቱን ስራ በዋነኝነት የያዘው የዋሽንግተን ስቴት ዩኒቨርስቲ አንደኛዋ መሪ ኬት ኤቫንስ ተናግረዋል።</p>\r\n\r\n<p>አፕሉ እንደሌሎች ፍሬዎች በቀላሉ የማይበላሽ ሲሆን በማቀዝቀዣ (ፍሪጅ ) ውስጥ ከ10-12 ወራት ቢቀመጥም ምንም አይነት ለውጥ እንደማያመጣ አስረድተዋል።<br />\r\nእስካሁን ባለው ከአስራ ሁለት ሚሊዮን በላይ ኮስሚክ ክሪስፕ የአፕል ዛፎች የተተከሉ ሲሆን ያለው የፈቃድ ሁኔታም ከዋሽንግተን በስተቀር በሌሎች አካባቢዎች የሚገኙ አርሶ አደሮች እንዳያበቅሉ ይከለክላቸዋል።</p>\r\n\r\n<p>የአፕሉ የመጀመሪያ ስያሜ ደብልዩ ኤ38 (WA38) የሚል ቢሆንም በፍሬው ላይ የታዩት ጠቆር ያሉ ነጠብጣቦች ከምሽት ሰማይ ጋር በመመሳሰሉ ኮስሚክ ክሪስፕ የሚል ሆኗል።</p>\r\n\r\n<p>በአሜሪካ ከሙዝ በመቀጠል አፕል ትልቅ ሽያጭ ያለው ፍሬ ነው።</p>\r\n\r\n<p>ይህንን አፕልም ወደ ገበያ ለማውጣት አስር ሚሊዮን ዶላር ያህል ፈጅቷል ተብሏል።</p>\r\n', '22-01-2020', 'Kidus', 'news-63.jpg', 'Published', 'Walta', 0, 0, '', '', ''),
(64, 'የህንድ ሐኪሞች ከአንድ በሽተኛ 7.4 ኪሎ የሚመዝን ኩላሊት አወጡ', 'health-1', '<p>የህንድ ሐኪሞች የሁለት አራስ ልጆች ክብደት ያለው 7.4 ኪሎ ግራም የሚመዝን ኩላሊት ከአንድ ታማሚ ላይ ማስወገዳቸው ተነገረ።</p>\r\n\r\n<p>ይህ ከፍ ያለ መጠን ያለው ኩላሊት ህንድ ውስጥ ከሰዎች አካል እንዲወጣ ከተደረጉት ሁሉ ትልቁ እንደሆነ የተነገረ ሲሆን፣ መጠኑም ከሰባት ኪሎ በላይ ነው ተብሏል።</p>\r\n\r\n<p>የአንድ ጤናማ ሰው ኩላሊት በአብዛኛው ከ120 እስከ 150 ግራም ብቻ የሚመዝን መሆኑ ይህንን ክስተት ልዩ አድርጎታልም የተባለው።</p>\r\n\r\n<p>ኩላሊቱ እንዲወጣ የተደረገለት በሽተኛ &#39;አውቶሶማል ዶሚናንት ፖሊሲስቲክ&#39; በተባለና በኩላሊቱ ዙሪያ የመጠን መጨመር ባስከተለ የኩላሊት ህመም ሲሰቃይ መቆየቱ ተነግሯል።</p>\r\n\r\n<p>በቀዶ ህክምናው የተሳተፉ አንድ ሐኪም እንዳሉት፤ በዚህ አይነቱ በሽታ የተያዙ ሰዎች ላይ የኩላሊት መተለቅ ችግር ማጋጠም የተለመደ ነው።</p>\r\n\r\n<p>ዶክተሩ አክለውም እንዲህ አይነቱ ችግር ያጋጠመው ኩላሊት በተወሰነ ደረጃ በአካል ውስጥ ሆኖ የማጣራት ሥራውን ካከናወነና የመታመም አሊያም የመድማት ምልክቶች ካላሳየ እንዲወጣ አይደረግም።</p>\r\n\r\n<p>ይህ በሽተኛ ግን በጸረ ተህዋሲያን ሊታከም ያልቻለ ህመም ስላጋጠመውና ከመጠን በላይ እየተለቀ የመጣው ኩላሊቱም የመተንፈስ ችግር በማስከተሉ አማራጭ በመታጣቱ እንዲወገድ መደረጉን ዶክተሩ ገልጸዋል።</p>\r\n\r\n<p>የቀዶ ህክምናውን ያደረጉት ዶክተሮች ይህን ያህል መጠን ያለው ኩላሊት ከበሽተኛው አካል ውስጥ እናገኛለን ብለው ባለመጠበቃቸው በክብደቱ መደነቃቸውን ተናገረዋል።</p>\r\n\r\n<p>ዶክትር ሳቺን ካቱሪያ፤ &quot;በውስጥ አካላት የምርምር መጽሔቶች ላይ ከፍተኛ ክብደት ያላቸው ኩላሊቶች ቢመዘገቡም በጊነስ የዓለም ክብረ ወሰን መዝገብ ላይ በክብደቱ የተመዘገበው ኩላሊት 4.5 ኪሎ ግራም ነው።&nbsp;</p>\r\n\r\n<p>ዶክተሩ አክለውም ይህንን ኩላሊት በጊነስ የዓለም ክብረ ወሰን መዝገብ ላይ እንዲሰፍር ለማድረግ ውሳኔ ላይ እንዳልደረሱ አመልክተው ነገር ግን &quot;እያሰቡበት&quot; እንደሆነ ገልጸዋል።</p>\r\n\r\n<p>የእንግሊዝ ብሔራዊ የጤና አገልግሎት ድረ ገጽ እንደሚለው፤ ፖሊሲስቲክ የተባለው የኩላሊት በሽታ የተለመደ በዘር የሚተላለፍ ሲሆን፤ ህሙማኑ በ30 እና 60 የዕድሜ ክልል ውስጥ ሲሆኑ የጤና ችግርን የሚያስከትል ነው።</p>\r\n\r\n<p>በሽታው ቀስ በቀስ የኩላሊት ተግባርን በማዳከም በመጨረሻም ሥራ እንዲያቆም ሊያደርገው ይችላል ሲል ቢቢሲ ዘግቧል፡፡</p>\r\n', '22-01-2020', 'Kidus', '', 'Published', 'Walta', 0, 1, '', '', ''),
(65, 'በዴሞክራቲክ ኮንጎ የኩፍኝ ወረርሽኝ የ5ሺህ ሰዎችን ሕይወት ቀጠፈ', 'health-1', '<p>በ2019 በዴሞክራቲክ ኮንጎ ያጋጠመውና በመላ አገሪቱ የተዛመተው የኩፍኝ ወረርሽኝ 5 ሺህ የሚደርሱ ሰዎችን ሕይወት እንደቀጠፈ የአገሪቱ ባለሥልጣናት ገለጹ።</p>\r\n\r\n<p>የዓለም ጤና ድርጅት እንዳለው በዴሞክራቲክ ኮንጎ ያጋጠመው የኩፍኝ ወረርሽኝ በዓለማችን ፈጣኑ ወረርሽኝ ነው። ወረርሽኙ በዴሞክራቲክ ኮንጎ ኢቦላ ባለፉት 15 ወራት ከገደላቸው ሰዎች ሁለት እጥፍ የሚሆኑ ዜጎችን ሕይወት ቀጥፏል።</p>\r\n\r\n<p>የአገሪቱ መንግሥት የዓለማቀፉ የጤና ድርጅት መስከረም ላይ በጀመሩት የድንገተኛ የክትባት ፕሮግራም እስከ 8 መቶ ሺህ የሚደርሱ ህጻናትን ለመከተብ ታስቦ ነበር።</p>\r\n\r\n<p>ነገር ግን ደካማ የሆነ የመሰረተ ልማት፣ አለመረጋጋትና በቂ የጤና አገልግሎት መስጫ ተቋማት ባለመኖራቸው ምክንያት የክትባት ስራው የታሰበለትን ያህል ውጤታማ መሆን ሳይችል ቀርቷል።</p>\r\n\r\n<p>እስካሁን 4 ሚሊየን የሚደርሱ ህጻናት የኩፍኝ ክትባት የተሰጣቸው ሲሆን፣ ባለሙያዎች ግን ክትባቱን ያገኙት ከአገሪቱ ህዝብ ከግማሽ በታች የሚሆኑት ናቸው ብለዋል።</p>\r\n\r\n<p>እስካሁን በተሰበሰበ መረጃ መሰረት በዴሞክራቲክ ኮንጎ በኩፍኝ ከተያዙ ዜጎች መካከል አብዛናዎቹ ጨቅላ ህጻናት ናቸው።</p>\r\n\r\n<p>ኩፍኝ በቫይረስ የሚተላላፍ በሸታ ሲሆን ከሰው ወደ ሰው በከፍተኛ ሁኔታ የሚተላለፍ በሽታ ነው። በወቅቱ ካልታከመም የአይን ብርሃንን እስከማጣት ያደርሳል፤ ለሳንባ ምች ለአንጎል እብጠትና ለኢንፌክሽን ያጋልጣል።</p>\r\n\r\n<p>በተለያዩ የሰውነት ክፍሎች ላይ ሽፍታ፣ የዓይን ቀይ መሆን፣ የአፍንጫ ፈሳሽና አንዳንዴ የሚከሰት ሳል የበሽታው የመጀመሪያዎቹ ምልክቶች ናቸው።</p>\r\n\r\n<p>በኩፍኝ የተያዘ ሰው በቶሎ ህክምና ካላገኘ በሽታው ከጀመረበት አንስቶ ባሉ ጥቂት ቀናት ውስት የሚያስከትላቸው ጉዳቶች ሲኖሩ ከረጅም ዓመታት በኋላ የሚያስከትላቸውም ጉዳቶች አሉ። የበሽታው ዋነኛ የመተላላፊያ መንገዶች በትንፋሽ እና ንክኪ ናቸው።</p>\r\n\r\n<p>በየዓመቱም በመላው ዓለም 110 ሺህ የሚሆኑ ሰዎች በኩፍኝ በሽታ ህይወታቸው ያልፋል መረጃዉ የቢቢሲ ነዉ፡፡</p>\r\n', '22-01-2020', 'kidus', 'news-65.jpg', 'Published', '', 0, 1, '', '', ''),
(66, 'ታንዛኒያ 30 ሚሊዮን ኮንዶሞች ከውጭ አስገባች', 'health-1', '<p>በታንዛኒያ ከወራት በፊት የኮንዶም እጥረት እንዳጋጠመ ከተነገረ በኋላ የጤና ጥበቃ ባለስልጣናት እጥረቱን ለማቃለል 30 ሚሊዮን ኮንዶሞችን ወደ አገሪቱ አስገብተዋል።</p>\r\n\r\n<p>በርካታ ታንዛኒያዊያን በመንግሥት የሚሰራጨው የኮንዶም አቅርቦት እየቀነሰ በመምጣቱ የኮንዶም መግዣ ዋጋ ላይ እየታየ ያለው ጭማሪ አሳስቧቸዋል።</p>\r\n\r\n<p>ዋና ከተማና የቱሪስቶች መናኸሪያ በሆነችው ዳሬሰላም ውሰጥ ሚገኙ አንዳንድ የእንግዳ ማረፊያዎች እርግዝናንና በግብረ ሥጋ ግንኙነት የሚተላለፉ በሽታዎችን ለመከላከል የሚያገለግለውን ኮንዶም ለደንበኞቻቸው ማቅረብ አቁመዋል።</p>\r\n\r\n<p>&quot;አንዳንድ መደብሮች እንደ የኮንዶሞቹ አይነት ከአንድ እስከ ሦስት ዶላር በላይ ወጪን ስለሚጠይቁ፤ ይህን ያህል ወጪ አውጥተን ኮንዶም ማቅረብ ስለማንችል አሁን ደንበኞች ራሳቸው ይዘው መምጣት አለባቸው&quot; ሲል አንድ የሆቴል ሰራተኛ ለቢቢሲ ተናግሯል።</p>\r\n\r\n<p>የታንዛኒያ ረዳት የጤና ሚኒስትር የሆኑት ዶክተር ፋውስቲን ንዱጉሊል እንደተናገሩት፤ አሁን የሚፈለገው የኮንዶም መጠን ቀርቧል።</p>\r\n\r\n<p>&quot;ከ30 ሚሊዮን በላይ ኮንዶሞች አዝዘናል። አሁን የተቀየረው ኮንዶሞቹ የሚሰራጩበት መንገድ ነው፤ ቀደም ባለው ጊዜ ኮንዶሞችን የሚያሰራጩ ተቋማት ነበሩ። አሁን ግን የማሰራጨቱን ኃላፊነት የተሰጣቸው አዳዲስ ተቋማት አሉን።&quot; ያሉት ረዳት ሚኒስትሩ አክለውም &quot;እኛ ማድረግ የፈለግነው አዲሱ አሰራራችን በተገቢው ሁኔታ መስራቱን ማረጋገጥ ነው። በተጨማሪም ግንዛቤ ለመፍጠር እያደረግነው ያለው ዘመቻ ትኩረት ወደ አደረግንባቸው ሰዎች ሲደርስ ኮንዶም እንደተፈለገው ማግኘት ይቻላል&quot; ብለዋል። (ምንጭ፡-ቢቢሲ)</p>\r\n', '22-01-2020', 'Kidus', 'news-66.jpg', 'Published', 'Walta', 0, 1, '', '', ''),
(67, 'ከመጠን በላይ ለሆነ ውፍረት የተጋለጡ ሰዎች ሳንባ ውስጥ ስብ ለመጀመሪያ ጊዜ መገኘቱ ተገለጸ', 'health-1', '<p>ላልተመጣጠነና ከመጠን በላይ ለሆነ ውፍረት የተጋለጡ ሰዎች ሳንባ ውስጥ ስብ ለመጀመሪያ ጊዜ መገኘቱ ተገለጸ፡፡</p>\r\n\r\n<p>አውስትራሊያዊያን ተመራማሪዎች ከ52 ሰዎች የተወሰደ ናሙና ላይ ተመስርቶ ባካሄዱት ምርምር በሳምባቸው ውስጥ የተገኘው የስብ ክምችት መጠን እንደ ሰውነታቸው የክብደት መጠን መጨመሩን ያመለክታል።</p>\r\n\r\n<p>አጥኚዎቹ እንዳሉት ግኝቱ ላልተመጣጠነና ከመጠን በላይ ለሆነ ውፍረት የተጋለጡ ሰዎች፤ እንደ አስም ላሉ የመተንፈሻ አካል የጤና ችግሮች የመጋለጣቸው እድል ሰፊ እንደሆነ ያስረዳል።</p>\r\n\r\n<p>የመተንፈሻ አካል ባለሙያዎች በበኩላቸው፤ ሰዎቹ ክብደት ሲቀንሱ ችግሩ ይስተካከል እንደሆነ ጥናቱ ቢመለከተው መልካም ነው ሲሉ አስተያየታቸውን ሰጥተዋል።</p>\r\n\r\n<p>በአውሮፓ ሪስፓራቶሪይ ጆርናል ላይ የታተመው ይህ ጥናት፤ ተመራማሪዎቹ ለምርምራቸው ከሞቱ ሰዎች የተለገሱ ሳንባዎችን በናሙናነት ተመልክተዋል። በዚህም መሠረት 15 የሚሆኑት አስም ያልታየባቸው ሲሆን 21ዱ የጤና ችግሩ ታይቶባቸዋል።</p>\r\n\r\n<p>ይሁን እንጂ ሕይወታቸው ያለፈው በሌሎች ምክንያቶች ነበር። 16 የሚሆኑት ግን በዚሁ ችግር ሕይወታቸው ማለፉን ጥናቱ አሳይቷል።</p>\r\n\r\n<p>ተመራማሪዎቹ በዝርዝር ለማጥናት ከተወሰዱ የሳንባ ናሙናዎች 1400 የሚሆኑ የአየር ማስተላለፊያ ቧንቧዎች ላይ በማይክሮስኮፕ ጥልቅ ምርመራ አድርገዋል ነው የተባለው።</p>\r\n\r\n<p>በዚህም መሠረት ተመራማሪዎቹ በአየር ማስተላላፊያ ቧንቧዎች ግድግዳ ላይ የስብ ክምችት ያገኙ ሲሆን፣ ችግሩ በተለይ ከመጠን በላይ የወፈሩ ሰዎች ላይ ታይቷል።</p>\r\n\r\n<p>በመተንፈሻ ቧንቧው ላይ የስብ ክምችቱ እየጨመረ መምጣቱም፤ ጤናማ ለሆነው የአተነፋፈስ ሥርዓት መዛባትና የሳንባ መቆጣት እንደሚከሰት የማስጠንቀቂያ ደወል ነው ተብሏል።</p>\r\n\r\n<p>በጥናቱ ላይ የተሳተፉት በምዕራብ አውስትራሊያ ዩኒቨርሲቲ ተባባሪ ፕሮፌሰር የሆኑት ዶክተር ፒተር ኖቤል &quot;ያልተመጣጠነ ወይም ከመጠን በላይ ውፍረት ከአየር ቧንቧ ከሚከሰት የጤና ችግር ጋር የተያያዘ ሲሆን በጣም ከባድ የሆነ የጤና ችግር ሊያስከትል ይችላል&quot; ብለዋል።</p>\r\n\r\n<p>የጤና እክሉ ከመጠን በላይ በሆነ ውፍረት ምክንያት በሳንባ ላይ በሚፈጠር ጫና ወይም ከውፍረቱ ጋር ተያይዞ በሚመጣ የሳንባ መቆጣት ጋር ሊያያዝ ይችላል። ይሁን እንጂ ዶክተር ፒተር እንደሚሉት ሌላ ምክንያትም ሊኖረው እንደሚችል በጥናቱ ተጠቁሟል።</p>\r\n\r\n<p>&quot;በአየር ቧንቧ ግድግዳ ላይ ያለው የስብ ክምችት፤ የአየር መተላለፊያ ቦታን በመያዝ በሳንባ ላይ መቆጣትን እንደሚያስከትል በጥናቱ ደርሰንበታል&quot; ብለዋል ዶክተር ኖቤል።</p>\r\n\r\n<p>ይህም የአየር ቧንቧው እንዲወፍር በማድረግ ወደ ሳንባችን የሚገባውንና የሚወጣውን አየር መጠን በመገደብ፤ የመተንፈሻ አካል የጤና ችግር አመላካች ነው ብለዋል።</p>\r\n\r\n<p>የአውሮፓ የመተንፈሻ አካላት ጤና ማህበር አባል የሆኑት ፕሮፌሰር ቴሪ ትሩስተር እናዳሉት በክብደት መጠን መጨመርና በመተንፈሻ አካል የጤና ችግሮች መካከል ያለውን ግንኙነት ለማሳየት ጥናቱ ጠቃሚ ነው፤ ምክንያቱም ከልክ በላይ ውፍረት ለእንደዚህ ዓይነት የጤና ችግሮች ምልክት መሆኑን ሲያመላክት በተለይ አስም ላለባቸው ሰዎች ችግሩ የከፋ ይሆናል።።</p>\r\n\r\n<p>ጉዳዩ በጣም ወፍራም ሰዎች ሥራ ሲሠሩና ስፖርታዊ እንቅስቃሴ ሲያደርጉ ቶሎ ቶሎ መተንፈስ እንደሚፈልጉ ከመመልከትም በላይ ነው ይላሉ።</p>\r\n\r\n<p>በመሆኑም ክብደት ሲቀነስ የስብ ክምችቱም እየቀነሰ ይመጣ እንደሆነ ለማወቅ ሌላ ጥናት መሥራት ቢያስፈልግም፤ በተለይ የአስም ታማሚዎች ጤናማ የሰውነት ክብደት እንዲኖራቸውም ጥረት ማድረግ ይኖርባቸዋል ሲል ጥናቱ አሳስቧል።</p>\r\n\r\n<p>በእንግሊዝ ቶራሲስ ሶሳይቲ ኮሚቴ ኃላፊ የሆኑት ዶክተር ኦልሳቤት ሳፔይ በበኩላቸው፤ የሰውነት ክብደት ከአየር ቧንቧ ችግር ጋር መገናኘቱን ያሳየ የመጀመሪያው ጥናት መሆኑን ገልፀዋል።</p>\r\n\r\n<p>&quot;በአገር አቀፍም ሆነ በዓለም አቀፍ የሚታየውን ከልክ በላይ ለሆነ ውፍረት የሚጋለጡ ሰዎች ቁጥር መጨመርን ስንመለከት፤ የአስም ሕመም ምን ያህል ከባድ የጤና እክል እንደሆነ ለመረዳት ያስችላል&quot; የሚሉት ዶክተር ኤልሳቤት፤ የአስም ሕመምን ለማከምም የሚረዱ ዘዴዎችን ለመለየት ጥናቱ ያግዛል ብለዋል።</p>\r\n\r\n<p>&quot;ጥናቱ በተወሰነ መልኩ የተሠራ ነው፤ ነገር ግን ሰፊ ቁጥር ባላቸው ህሙማን ላይ እና በሌሎች የመተንፈሻ አካል የጤና ችግሮች ጋር በስፋት መመልከት አለብን&quot; ሲሉ አክለዋል።</p>\r\n', '22-01-2020', 'Kidus', 'news-67.jpg', 'Published', 'Walta', 0, 1, '', '', ''),
(68, 'በህፃናት ምግብ ውስጥ የሚኖረው የስኳር መጠን አነስተኛ መሆን እንደሚገባ ጥናት አመላከተ', 'food-1', '<p>በህፃናት ምግብ ውስጥ የሚኖረው የስኳርና ቅባት መጠን አነስተኛ መሆን እንደሚገባ አንድ ጥናት አመላከተ።</p>\r\n\r\n<p>ሰሞኑን በብሪታንያ የሚገኘው የሮያል ኮሌጅ የህፃናት ጤና አጠባበቅ ባለሙያዎች ይፋ ባደረጉት ጥናት፣ በህፃናት ምግብ ውስጥ የሚኖረው የስኳር እና ቅባት መጠን አነስተኛ ሊሆን እንደሚገባው አስታውቀዋል።</p>\r\n\r\n<p>ባለሙያዎቹ ወላጆች ለህፃናት ልጆቻቸው በሚያቀርቡት ምግብ ውስጥ የሚኖረውን የስኳርና የቅባት መጠን ገደብ ሊያበጁለት እንደሚገባም ገልጸዋል።</p>\r\n\r\n<p>ከዚህ ባለፈም ስኳርና ቅባት የሚበዛባቸውን ምግቦች ለህፃናት መመገብ ከጥቅሙ ይልቅ ጉዳቱ ያመዝናል ነው ያሉት።</p>\r\n\r\n<p>በአንፃሩ ህፃናት ቅባት ከሚበዛባቸው ምግቦች ይልቅ አትክልትና ፍራፍሬ ነክ ምግቦችን ቢያዘወትሩ ለጤናቸው መልካም መሆኑንም አመላክተዋል።</p>\r\n\r\n<p>በህፃናት ምግብ ውስጥ የሚኖረውን የስኳር መጠን መቀነስም፥ ህፃናት ለምግብ ፍላጎት መቀነስ፣ ለጥርስ መበስበስ እንዲሁም ጤናማ ላልሆነ ውፍረት የመጋለጥ እድላቸውን ለመከላከል ያስችላል ተብሏል።&nbsp;</p>\r\n', '22-01-2020', 'Kidus', 'news-68.jpg', 'Published', 'Walta', 0, 0, '', '', ''),
(70, 'ብርቱካን መመገብ የአይን እይታ ግርዶሽ በሽታን እንደሚከላከል ጥናት አመላከተ', 'food-1', '<p>በቀን ቢያንስ አንድ ብርቱካን መመገብ በተለያየ ምክንያት የሚከሰተውን የአይን የእይታ ግርዶሽ በሽታን እንደሚከላከል አንድ ጥናት አመላክቷል፡፡</p>\r\n\r\n<p>በተለያዩ ጊዜያት የሚወጡ ጥናቶች እንደሚያመላክቱት የአካል ብቃት እንቅስቃሴ እና የተመጣጠነ ምግብ መመገብ ጤናማ ህይወት ለመምራት እንደሚያስችሉ ያሳያሉ፡፡</p>\r\n\r\n<p>ሰዎች የተለያዩ የጤና እክሎች በሚያጋጥማቸው ወቅት የጤና ባለሙያዎቹም&nbsp; የአካል ብቃት እንቅስቃሴ እንዲያደርጉና አመጋገባቸውን እንዲያስተካክሉ ይመክራሉ፡፡</p>\r\n\r\n<p>ሰዎች የሚመገቧቸውን ምግቦች የተመጣጠነ እንዲሆን ከሚያስችሉ የምግብ አይነቶች ውስጥ ደግሞ አትክልትና ፍራፍሬ ይገኙበታል፡፡</p>\r\n\r\n<p>ከወደ አውስትራሊያ የተሰማ የጥናት ውጤትም ይህንኑ እውነታ የሚያጠናክር ሆኖ ተገኝቷል፡፡ አትክልትና ፍራፍሬ መመገብ ጤናማ ህይወት ለመምራት እንደሚያስችል ጥናቱ አረጋግጧል፡፡</p>\r\n\r\n<p>የጥናቱ ውጤት እንደሚያመላክተው ከሆነ ብርቱካን ከምግብ ገበታ እንዳይለይ የሚያደርግ ነው፡፡</p>\r\n\r\n<p>እንደ ጥናቱ ከሆነ በየቀኑ ቢያንስ አንድ ብርቱካን የሚመገቡ ሰዎች ከማይመገቡት ሰዎች አንጻር ብርቱካን ተመጋቢዎች በተለያየ ምክንያት ለሚከሰት የአይን የእይታ ግርዶሽ የመጋለጥ እድላቸው አነስተኛ እንደሆነ ነው ያረጋገጠው፡፡</p>\r\n\r\n<p>በጥናቱ ከ2000 በላይ በጎልማሳ የእድሜ ክልል ላይ ያሉ አውስትራላውያን ላይ ተደርጓል፡፡ እኝህ እድሜአቸው ከ50 በላይ ያሉ ጎልማሶች የተሳተፉበት ጥናት ለተከታታይ 15 አመታት ጎልማሶቹ የነበራቸውን የአይን ጤንነት በመከታተል የተጠና ጥናት እንደሆነ ነው ተመራማሪዎቹ የገለፁት፡፡</p>\r\n\r\n<p>ከዚህ ጥናት የተገኘው ውጤት እንደሚያመላክተው ከሆነ በየቀኑ በምግብ ገበታቸው ውስጥ ቢያንስ አንድ ብርቱካን የሚመገቡ ሰዎች ከ60 በመቶ በላይ የሚሆኑቱ በተለያዩ ምክንያቶች ከሚመጡ የአይን በሽታዎች እና የእይታ ግርዶሽ ችግሮች ያላቸው ተጋላጭነት አነስተኛ ሆኖ ተገኝቷል፡፡</p>\r\n\r\n<p>ሰዎች በየቀኑ ብርቱካንን መመገብ ባይችሉ እንኳን ቢያንስ በሳምንት አንዴ ብርቱካን የሚመገቡ ከሆነ ለአይን እይታ ግርዶሽ የሚኖራቸው ተጋላጭነት አነስተኛ እንደሆነ ጥናቱ አመላክቷል፡፡</p>\r\n\r\n<p>በአውስትራሊያው ሲድኒ ዩኒቨርሲቲ የጥናት ቡድን ፕሮፌሰር ባሚኒ ጎፒናት እንዳሉት በእድሜ ምክንያት ለሚከሰቱ የአይን እይታ ግርዶሽ በሽታ ብርቱካን ዉስጥ የሚገኘዉ ፍላቮኖይድስ የተሰኘ ንጥረ ነገር ከፍተኛ የመከላከል አቅም ያለው በመሆኑ ለአይን ጤንነት ከፍተኛ ጠቀሜታ እንዳለዉ ያስረዳሉ፡፡</p>\r\n\r\n<p>ፍላቮኖይድስ የተሰኘው ንጥረ ነገር በሁሉም አትክልትና ፍራፍሬዎች የሚገኝ ሲሆን ጠንካራ እና በሰውነት ውስጥ ያሉትን ህዋሳት ከጉዳት የሚከላከል ነው፡፡</p>\r\n\r\n<p>የጥናቱ አጠቃላይ አላማ የአይን በሽታ መንስኤዎችን በመለየት የመፍትሄ አቅጣጫ ማመላከት መሆኑን ሽንዋ ዘግቧል፡፡</p>\r\n', '22-01-2020', 'kidus', 'news-70.jpg', 'Published', '', 0, 0, '', '', ''),
(71, 'ፊፋ 21 ኢትዮጵያውያን ዳኞችን መረጠ', 'sport-1', '<p>እ.አ.አ በ2020 ዓለም ዓቀፍ ውድድሮችን ለማጫወት የሚያስችል ባጅ ለ21 ዳኞች የዓለም አቀፉ እግር ኳስ አስተዳዳሪ አካል (ፊፋ) ዛሬ ሰጠ።</p>\r\n\r\n<p>የኢትዮጵያ እግር ኳስ ፌዴሬሽን ፕሬዚዳንት አቶ ኢሳያስ ጅራ ባጁን ለተመረጡት ዳኞች አበርክተዋል።</p>\r\n\r\n<p>በዚሁ መሰረት ለሰባት ወንድ ዋና ዳኛ፣ ለስድስት ረዳት ወንድ ዳኛ፣ ለአራት ሴት ዋና ዳኛ እና ለአራት ረዳት ሴት ዳኛ ባጁ ተሰጥቷል።</p>\r\n\r\n<p>ባለፈው የፈረንጆች ዓመት የዓለም ዓቀፍ ዳኝነት ባጅ በፊፋ የተሰጣቸው ዳኞች ቁጥር 22 እንደነበሩ ይታወሳል።</p>\r\n\r\n<p>ምንጭ፦የኢትዮጵያ እግር ኳስ ፌዴሬሽን</p>\r\n', '22-01-2020', 'Kidus', 'news-71.png', 'Published', 'Walta', 0, 0, '', '', ''),
(72, '8 ኪሎ ሜትር በጎርፍ ተወስደው የነበሩት ላሞች ውቅያኖስ ዳር በሕይወት ተገኙ', 'entertainment-1', '<p>ሰሜን ካሊፎርኒያ ውስጥ ሃሪኬን ዶሪያን የተሰኘው ጎርፍ የቀላቀለ አውሎ ንፋስ ባደረሰው ጥፋት ሞተዋል የተባሉ ላሞች ውቅያኖስ ዳር ሲንጎማለሉ ታይተዋል።</p>\r\n\r\n<p>ቼዳር ደሴት ላይ ነዋሪ የነበሩት እኒህ ላሞች የተረፉት ውቅያኖስ ላይ ሲዋኙ ከከረሙ በኋላ ሳይሆን አልቀረም ተብሏል።</p>\r\n\r\n<p>ሳይሞቱ አልቀረም ተብለው የተገመቱት ላሞች አንድ ውቅያኖስ ዳርቻ ካለ ፓርክ ውስጥ ሳር ሲግጡ መገኘታቸውን ነው የቢቢሲ ዘገባ ያመለከተው፡፡</p>\r\n\r\n<p>ሦስቱ ላሞች 8 ኪሎ ሜትር ያህል የውቅያኖስ አካል በዋና ሳያካልሉ አልቀረም የሚሉት የፓርኩ ሰዎች ላሞቹን ወደ ቀድሞ መኖሪያቸው ለመመለስ ዕቅድ እየነደፉ ነው።</p>\r\n\r\n<p>አንድ የፓርኩ ሠራተኛ ነው ከላሞቹ አንዷ ፓርኩ ውስጥ ስትንጎማለል ባለፈው ወር ያያት። ላሚቱ ከተገኘች ቀናት በኋላ ደግሞ ወዳጆቿ ሣር ሲከረክሙ ተገኝተዋል።</p>\r\n\r\n<p>የፓርኩ ባለሙያ የሆኑት ሆርቫርት ላሞቹ ወደ አትላንቲክ ውቅያኖስ ጥልቅ ሥፍራ አለመጋባታቸው ዕድለኛ ናቸው ይላሉ።<br />\r\nባለፈው መስከረም ሃሪኬን ዶሪያን ጎርፍ የቀላቀለ ከፍተኛ ዝናብ ሲጥል በጎርፍ የተወሰዱ በርካታ ፈረሦች ነበሩ ተብሏል።</p>\r\n\r\n<p>የፓርኩ ባለሙያ ላሞቹ በ8 ኪሎ ሜትር ዋናቸው ስንቱን እንዳሳለፉ በመገመት &laquo;መቼም ብዙ የሚካፍሉን ታሪክ ይኖራል&raquo; ሲሉ ቀልድ ጣል አድርገዋል።</p>\r\n\r\n<p>ሃሪኬን ዶሪያን መስከረም ላይ ወጀቡን ሰሜን ካሊፎርኒያ ላይ ሲያሳርፍ ንብረት እና እንስሳት ላይ ከፍተኛ ጉዳት አድርሷል።</p>\r\n\r\n<p>ይህ ወጀብ ወደ ባሃማስ ደሴት አቅንቶ የሰው ሕይወትና ንብረት ላይ ከፍተኛ ጥፋት እንዳደረሰ አይዘነጋም።<br />\r\n&nbsp;</p>\r\n', '22-01-2020', 'kidus', 'news-72.jpg', 'Published', 'Walta', 0, 0, '', '', ''),
(73, 'የ2022 ዓለም ዋንጫ የኢትዮጵያ የምድብ ማጣሪያ ተጋጣሚዎች ተለዩ', 'sport-1', '<p>የ2022 ዓለም ዋንጫ የኢትዮጵያ የምድብ ማጣሪያ ተጋጣሚዎች ተለይተዋል፡፡</p>\r\n\r\n<p>ኳታር ለምታዘጋጀው የዓለም ዋንጫ ማጣርያ የምድብ ድልድል ይፋ የተደረገ ሲሆን፣ ዋልያዎቹ በምድብ &#39;G&#39; ተደልድለዋል።</p>\r\n\r\n<p>በቅድመ ማጣሪያው ከሜዳ ውጭ ባገባ በሚል ህግ ወደ ምድብ ድልድል የገባችው ኢትዮጵያ በምድቧ ከጋና፣ ደቡብ አፍሪካ እና ዚምባቢዌ ጋር ተደልድላለች፡፡</p>\r\n\r\n<p>የማጣሪያው ምድብ ድልድል ትላንት በካይሮ ይፋ ሲሆን፣ ማጣሪያውም በርካታ ተጠባቂ ጨዋታዎችን አካቷል፡፡</p>\r\n\r\n<p>ቀድሞ በወጣው መረኃግብር የማጣሪያ ጨዋታዎች በፈረንጆቹ ከመስከረም አራት አስከ ሰባት የሚጀምሩ ሲሆን፣ ሁለተኛው ጨዋታም በቀናት ልዩነት ከስምንት አስከ አስር የሚደረጉ ይሆናል ነው የተባለው፡፡ (ምንጭ፡-ሶከር ኢትዮጵያ)</p>\r\n', '22-01-2020', 'Kidus', 'news-73.jpg', 'Published', 'Walta', 0, 0, '', '', ''),
(74, 'ቀነኒሳ እና ኪፕቾጌ በለንደን ማራቶን ከፍተኛ ፉክክር እንደሚያደርጉ ከወዲሁ ተገምቷል', 'sport-1', '<p>ኢትዮጵያዊው ቀነኒሳ በቀለ እና ኬንያዊው ኤልዩድ ኪፕቾጌ ዘንድሮ በሚካሄደው የለንደን ማራቶን ከፍተኛ ፉክክር እንደሚያደርጉ ከወዲሁ ተገምቷል።</p>\r\n\r\n<p>ቀነኒሳ የዓለም የማራቶን ሁለተኛው&nbsp;ፈጣን ሰዓት ባለቤት&nbsp;&nbsp;ሲሆን ኪፕቾጌ ደግሞ በ2 ሰከንድ ልዩነት የዓለም&nbsp;ክብረ ወሰን በአንደኛነት ይዟል።</p>\r\n\r\n<p>ገና በ21 ዓመቱ በዘጠኝ ቀናት ልዩነት የ5 ሺህ እና 10 ሺህ ሜትር ሪከርዶችን የሰባበረው የ37 ዓመቱ ቀነኒሳ ባሳለፍነው መስከረም በርሊን ማራቶንን ሲያሸንፍ፤ የኪፕቾጌን የዓለም ማራቶን ክብረ ወሰን ለመስበር 2 ሰከንዶች ብቻ ነበር የቀሩት።</p>\r\n\r\n<p>&quot;ከዚህ በፊት ከኪፕቾጌ ጋር ብዙ ፉክክሮችን አድርገናል፤ ወደፊትም እንደምንወዳደር አስባለሁ። እኔ ጠንካራ አትሌት እንደሆንኩ ሁሉም ሰው ያውቃል፤ በትራክ ላይ 15 ዓመታትን አሳልፌያለው። በአሁኑ ሰዓት ሙሉ ጤንነት ይሰማኛል&quot; ሲል ስላለበት ሁኔታ ቀነኒሳ ለቢቢሲ ተናግሯል።</p>\r\n\r\n<p>ኢሊዩድ ኪፕቾጌ ማራቶንን ከሁለት ሰዓት በታች በመሮጥ የመጀመሪያው አትሌት እንደሆነ ይታወቃል። ኪፕቾጌ ሩጫውን ለመጨረስ አንድ ሰዓት ከ59 ደቂቃ ከ40 ሰከንድ ፈጅቶበታል።</p>\r\n\r\n<p>በውድድሩ ሌላኞቹ ኢትዮጵያውያን አትሌቶች ሞስነት ገረመው እና ሙሌ ዋሲሁን ከቀነኒሳ ጎን እንደሚሰለፉ ይጠበቃል። ውድድሩ ሚያዚያ 18/ 2012 ዓ.ም የሚካሄድ ነው።</p>\r\n\r\n<p>ቀነኒሳ በቀለ እና ኤልዩድ ኪፕቾጌ ከዚህ ቀደም በተገናኙባቸው 20 ውድድሮች በ13ቱ ቀነኒሳ ያሸነፈ ሲሆን፣ ቀሪዎቹን 7 ውድድሮች ኪፕቾጌ አሸንፏል ሲል ቢቢሲ ዘግቧል።</p>\r\n', '22-01-2020', 'Kidus', 'news-74.jpg', 'Published', 'Walta', 0, 0, '', '', ''),
(75, 'ባርሴሎና ኤርነስቶ ቫልቬርዴን አሰናብቶ አዲስ አሠልጣኝ ሾመ', 'sport-1', '<p>ባርሴሎና&nbsp;ከአሠልጣኝ&nbsp;ቫልቬርዴ&nbsp;ጋር&nbsp;በይፋ&nbsp;መለያየቱን&nbsp;አስታወቀ።</p>\r\n\r\n<p>ክለቡ&nbsp;በቫልቬርዴ&nbsp;ምትክ&nbsp;የቀድሞውን&nbsp;የሪያል&nbsp;ቤቲስ&nbsp;አሠልጣኝ&nbsp;ኪኬ&nbsp;ሴቲንን&nbsp;የሁለት&nbsp;ዓመት&nbsp;ተኩል&nbsp;ስምምነት&nbsp;ማስፈረሙ&nbsp;ተገልጿል።</p>\r\n\r\n<p>የ55&nbsp;ዓመቱ&nbsp;ኤርነስቶ ቫልቬርዴ&nbsp;ባርሴሎና&nbsp;ለሁለት&nbsp;ተከታታይ&nbsp;ጊዜያት&nbsp;የላ&nbsp;ሊጋ&nbsp;ዋንጫ&nbsp;እንዲያነሣ&nbsp;ብሎም&nbsp;በተያዘው&nbsp;ዓመት&nbsp;ላ&nbsp;ሊጋውን&nbsp;በጎል&nbsp;ልዩነት&nbsp;እንዲመራ&nbsp;አስችለው&nbsp;ነበር።</p>\r\n\r\n<p>ነገር&nbsp;ግን&nbsp;የካታላኑ&nbsp;ክለብ&nbsp;በቫልቤርዴ&nbsp;ዘመን&nbsp;አሳማኝ&nbsp;ያልሆኑ&nbsp;ጨዋታዎች&nbsp;ማሳየቱን&nbsp;ተከትሎ&nbsp;ብሎም&nbsp;የአውሮፓ&nbsp;ሻምፒዮንስ&nbsp;ሊግ&nbsp;ፍጻሜ&nbsp;መግባት&nbsp;አለመቻላቸው&nbsp;ለስንብታቸው&nbsp;ምክንያት&nbsp;ሆኗል።</p>\r\n\r\n<p>ኤርነስቶ&nbsp;ቫልቬርዴ&nbsp;ከአትሌቲኮ&nbsp;ቢልባኦ&nbsp;ባርሴሎናን&nbsp;እ.ኤ.አ&nbsp;በ2017&nbsp;ተቀላቅለው&nbsp;ክለቡን&nbsp;እስካሁን&nbsp;ሲያሠለጥኑ&nbsp;ቆይተዋል።</p>\r\n\r\n<p>ቫልቬርዴ&nbsp;ለሁለት&nbsp;ተከታታይ&nbsp;ዓመታት&nbsp;የላሊጋውን&nbsp;ክብር&nbsp;ከማግኘታቸው&nbsp;ባሻገር፣&nbsp;ከክለቡ&nbsp;ጋር&nbsp;አንድ&nbsp;የኮፓ&nbsp;ዲላሪ&nbsp;እና&nbsp;አንድ&nbsp;የስፔን&nbsp;ሱፐር&nbsp;ካፕ&nbsp;ዋንጫ&nbsp;አብረው&nbsp;አንሥተዋል።</p>\r\n\r\n<p>አዲሱ&nbsp;የባርሴሎና&nbsp;ተሿሚ&nbsp;የ61&nbsp;ዓመቱ&nbsp;የቀድሞ&nbsp;የሪያል&nbsp;ቢትስ&nbsp;አሠልጣኝ&nbsp;ኪኬ&nbsp;ሲቴን&nbsp;ከሪያል&nbsp;ቤቴስ&nbsp;ጋር&nbsp;በመሆን&nbsp;የኮፓ&nbsp;ዲላሪ&nbsp;ግማሽ&nbsp;ፍፃሜ&nbsp;ዋንጫ&nbsp;የደረሱበት&nbsp;መልካም&nbsp;ውጤታቸው&nbsp;ነው።</p>\r\n\r\n<p>ባርሴሎና&nbsp;ባወጣው&nbsp;መግለጫ&nbsp;አሠልጣኝ&nbsp;ኤርነስቶ&nbsp;ቫልቬርዴ&nbsp;ላበረከቱት&nbsp;ሞያዊ&nbsp;አስተዋጽኦ&nbsp;እና&nbsp;ለሥራ&nbsp;ትጋታቸው&nbsp;የባርሴሎና&nbsp;ቤተሰብ&nbsp;ምስጋና&nbsp;ያቀርብላቸዋል&nbsp;ብሏል። (ምንጭ፡-&nbsp;ቢቢሲ)</p>\r\n', '22-01-2020', 'Kidus', 'news-75.jpg', 'Published', 'Walta', 0, 0, '', '', ''),
(76, 'ሴዶ ማኔ የአፍሪካ የዓመቱ ምርጥ ተጫዋች ሆኖ ተመረጠ', 'sport-1', '<p>ሴኔጋላዊው&nbsp;የሊቨርፑል&nbsp;የፊት&nbsp;መስመር&nbsp;ተጫዋች&nbsp;ሴዶ&nbsp;ማኔ&nbsp;የአፍሪካ&nbsp;ኮንፌዴሬሽን&nbsp;ካፍ&nbsp;የዓመቱ&nbsp;ኮከብ&nbsp;ተጫዋች&nbsp;ተብሎ&nbsp;ተመረጠ፡፡</p>\r\n\r\n<p>የ27&nbsp;ዓመቱ&nbsp;ማኔ&nbsp;እኤአ&nbsp;በ2018/2019&nbsp;ከሊቨርፑል&nbsp;ጋር&nbsp;የአውሮፓ&nbsp;ቻምፒዮንስ&nbsp;ሊግ&nbsp;ማንሳቱ&nbsp;እና&nbsp;በአጠቃላይ&nbsp;በሁሉም&nbsp;ውድድሮች&nbsp;30&nbsp;ጎሎች&nbsp;ማስቆጠሩ&nbsp;ለዚህ&nbsp;ክብር&nbsp;አብቅቶታል ነው የተባለው፡፡</p>\r\n\r\n<p>ማኔ&nbsp;ግብጻዊውን&nbsp;የክለብ&nbsp;አጋሩን&nbsp;መሀመድ&nbsp;ሳላ&nbsp;እና&nbsp;የማንችስተር&nbsp;ሲቲ&nbsp;ማህሬዝን&nbsp;በመብለጥ&nbsp;ነው&nbsp;የዓመቱ&nbsp;የካፍ&nbsp;ምርጡ&nbsp;ተጫዎች&nbsp;የሆነው፡፡</p>\r\n\r\n<p>ማኔ&nbsp;በ2019/2020 15&nbsp;ግቦች&nbsp;ያስቆጠረ&nbsp;ሲሆን፣&nbsp;ክለቡ&nbsp;ሊቨርፑል&nbsp;ሊጉን&nbsp;በ13&nbsp;ነጥብ&nbsp;ልዩነት&nbsp;እየመራ&nbsp;ይገኛል፡፡ (ምንጭ፡-&nbsp;ቢቢሲ)</p>\r\n', '22-01-2020', 'Kidus', 'news-76.jpg', 'Published', 'Walta', 0, 0, '', '', ''),
(77, 'የ‘ቦክሲንግ ዴይ\' ጨዋታዎች ዛሬ ይጀመራሉ', 'sport-1', '<p>በእንግሊዝ&nbsp;ፕሪሚየር&nbsp;ሊግ&nbsp;የበዓል ሰሞን ጨዋታዎች (የ&lsquo;ቦክሲንግ ዴይ&#39;) ጨዋታዎች&nbsp;ዛሬ&nbsp;ይጀመራሉ፡፡</p>\r\n\r\n<p>በእንግሊዝ&nbsp;ፕሪሚየር&nbsp;ሊግ&nbsp;በጉጉት የሚጠበቁት&nbsp;የቦክሲንግ&nbsp;ደይ&nbsp;ጨዋታዎች&nbsp;ዛሬ&nbsp;በ19ኛው&nbsp;ሳምንት ቀን 9፡30 ሰዓት ላይ&nbsp;ቶተንሃምን ከብራይተን&nbsp;ሆቭ አልቢዮን በማገናኘት ይጀምራል፡፡</p>\r\n\r\n<p>በአሰልጣኝ ጆሴ ሞሪኒሆ የሚመራው ቶተንሃም ባለፈው ሳምንት በሜዳውና ደጋፊው ፊት በፍራንክ ላምፓርዱ ቸልሲ 2 ለ 0 በሆነ ውጤት መሸነፉ የዛሬውን ጨዋታ ተጠባቂ እንዲሆን አድርጎታል፡፡</p>\r\n\r\n<p>በጥሩ አቋም ላይ የሚገኘው ደቡብ ኮሪያዊው የፊት መስመር ተጫዋች ሰን ሁንግ ሚን በቼልሲው ጨዋታ ወቅት የቀይ ካርድ ሰለባ በመሆኑ የተላለፈበትን የ3 ጨዋታዎች ቅጣት ሞሪኒሆ ተቃውመዋል፡፡</p>\r\n\r\n<p>በውጤት ቀውስ ላይ የሚገኘው እና የቀድሞ ተጫዋቹ ማይክል አርቴታን አሰልጣኝ አድርጎ የሾመው አርሴናል 12 ሰዓት ላይ በርንማውዝን ይገጥማል፡፡</p>\r\n\r\n<p>በወጣቱ አሰልጣኝ ፍራንክ ላምፓርድ የሚመራው ቼልሲ&nbsp;በሜዳው&nbsp;ስታንፎርድ&nbsp;ብሪጅ&nbsp;12&nbsp;ሰዓት&nbsp;ላይ&nbsp;ከሳውዝ&nbsp;ሃምፕተን&nbsp;ጋር&nbsp;የሚጫወት&nbsp;ይሆናል፡፡</p>\r\n\r\n<p>በሌላ&nbsp;ጨዋታ&nbsp;ክሪስታል&nbsp;ፓላስ&nbsp;ከዌስትሃም፣&nbsp;ኤቨርተን&nbsp;ከበርንሌይ፣&nbsp;ሼፍልድ&nbsp;ዩናይትድ&nbsp;ከዋትፎርድ&nbsp;በተመሳሳይ 12 ሰዓት ላይ የሚገናኙ ሲሆን ባለፈው ሳምንት በዋትፎርድ የ2 ለ 0 ሽንፈት ማንቸስተር&nbsp;ዩናይትድ&nbsp;ምሽት&nbsp;2&nbsp;፡&nbsp;30 ሰዓት&nbsp;&nbsp;ከኒውካስትል&nbsp;ዩናይትድ ይፋለማል፡፡</p>\r\n\r\n<p>ምሽት&nbsp;5&nbsp;ሰዓት ላይ የሊጉ መሪ&nbsp;&nbsp;ሊቨርፑል&nbsp;ኪንግ&nbsp;ፓወር&nbsp;ስታዲም&nbsp;በመጓዝ በሁለተኛ ደረጃ ላይ ከሚገኘው&nbsp;ሌስተር&nbsp;ሲቲ ጋር&nbsp;የሚያደርጉት ጨዋታ ተጠባቂ ነው፡፡</p>\r\n', '22-01-2020', 'Kidus', 'news-77.jpg', 'Published', 'Walta', 0, 0, '', '', ''),
(78, '“አዲስ ጉዞ” የተሰኘ የሞባይል አፕሊኬሽን በመዲናዋ ተግባራዊ ሊደረግ ነው', 'science-1-1', '<p>በትራንስፖርት ዘርፉ የሚስተዋሉ መሰረታዊ ችግሮችን ለመቅረፍ የሚያስችል &ldquo;አዲስ ጉዞ&rdquo; የተሰኘ የሞባይል አፕሊኬሽን በመዲናዋ ተግባራዊ ሊደረግ መሆኑን የአዲስ አበባ ከተማ አስተዳደር ትራንስፖርት ቢሮ አስታወቀ።</p>\r\n\r\n<p>በከተማ መስተዳድሩ በምክትል ከንቲባ ማዕረግና የቢሮው ኃላፊ ዶክተር ሰለሞን ኪዳኔ ለአዲስ ዘመን ጋዜጣ እንደገለጹት፤ በከተማዋ በትራንስፖርት ዘርፉ የሚስተዋሉትን መሰረታዊ ችግሮች መፍታት ከማስቻሉ ባሻገር የማህበረሰቡን ህግ የማስከበር ሚና ከፍ የሚያደርግ &ldquo;አዲስ ጉዞ&rdquo; የተሰኘ የሞባይል አፕሊኬሽን በቅርቡ ተግባራዊ ይደረጋል።</p>\r\n\r\n<p>በመዲናዋ በትራንስፖርት ዘርፉ የሚስተዋሉ አያሌ ችግሮች ቢኖሩም፤ በመሰረታዊነት ህብረተሰቡን እያማረሩት ከሚገኙት ችግሮች መካከል አገልግሎት ሰጪ ታክሲዎች ያለመስመራቸው መስራት፣ ከታሪፍ በላይ ማስከፈል እና ተሽከርካሪው መጫን ከሚገባው የሰው ልክ በላይ መጫን መሆናቸውን ኃላፊው ተናግረዋል።</p>\r\n\r\n<p>እነዚህ ችግሮች የቢሮው ተቆጣጣሪዎች ወይም ትራፊክ ፖሊሶች ብቻቸውን መፍታት አልቻሉም፤ በመሆኑም ቢሮው አሁን ላይ እነዚህን ችግሮች መፍታት የሚያስችል &lsaquo;&lsaquo;አዲስ ጉዞ&rsaquo;&rsaquo; የተሰኘ የሞባይል አፕሊኬሽን አበልጽጎ በቅርቡ ወደ ስራ ለማስገባት በዝግጅት ላይ ነው።</p>\r\n\r\n<p>ፕሮግራሙ በሙከራ ደረጃ መሬት ላይ ወርዶ ውጤታማ መሆኑን የጠቆሙት ዶክተር ሰለሞን፤ በዚህም እያንዳንዱ ማህበረሰብ በሞባይሉ ወይም በእጅ ስልኩ ላይ እንደማንኛውም ፕሮግራም በመጫን የተሳፈረበትን ታክሲ ወይም አውቶብስ ታርጋ ፎቶ በማንሳት አገልግሎት ሰጪው መስመሩ ወደየት እንደሆነ፣ ታሪፉ ምን ያህል እንደሆነ እና ምን ያህል ሰው የመጫን አቅም እንዳለው እንደሚያሳይ ገልጸዋል።</p>\r\n\r\n<p>በመሆኑም አሽከርካሪው እነዚህንና ሌሎች ጥፋቶችን ካጠፋ ተሳፋሪው ምንም&nbsp;ዓይነት ጭቅጭቅ ውስጥ ሳይገባ በቀላሉ የእጅ ስልኩን በመጠቀም የተሽከርካሪውን ታርጋ በፕሮግራሙ ፎቶ አንስቶ አሽከርካሪው ያጠፋውን ጥፋት ወደ ማዕከሉ ሪፖርት ማድረግ እንደሚችልም ተናግረዋል።</p>\r\n\r\n<p>ፕሮግራሙም ተሽከርካሪው ፎቶ የተነሳበትን ቦታ፣ ሰዓት እንዲሁም የጫነውን የሰው ብዛት እና በአሽከርካሪው ላይ የቀረበበትን ክስ ወዲያውኑ ማዕከል ላይ የሚያሳይ መሆኑን ኃላፊው ጠቁመው፤ ተሳፋሪው በላከው መረጃ መሰረት ተሽከርካሪውን በመከታተልና የክሱን ትክክለኝነት በማረጋገጥ ጥፋተኛ ሆኖ ከተገኝ ወዲያውኑ በአካባቢው ላለ ተቆጣጣሪ በእጅ ስልኩ የቅጣት ሪፖርቱ ይደርሰዋል። በዚህ መሰረትም ተቆጣጣሪው አካል ቅጣቱን ይፈጽማል ብለዋል።</p>\r\n\r\n<p>በደረሳቸው መረጃ መሰረት ተቆጣጣሪዎች ተገቢውን ቅጣት ካልፈጸሙ እራሳቸው ይቀጣሉ ያሉት ሃላፊው፣ ይህም ጥፋትን አይቶ እንዳላየ የማለፍን፣ ከአሽከርካሪው ጋር የሚደረጉ ድርድሮችንና እሰጣ ገባን ያስቀራል።</p>\r\n\r\n<p>በሌላ በኩልም ፕሮግራሙ ማዕከል ላይ በመሆን ሁሉም ተቆጣጣሪዎች በተመደቡበት ቦታ እየሰሩ መሆናቸውን ወይም አለመሆናቸውን ለመከታተል እንደሚያስችል ተናግረዋል።</p>\r\n\r\n<p>ህብረተሰቡ ፕሮግራሙን በእጅ ስልኩ ላይ በመጫን ችግሮች ሲያጋጥሙት ፎቶ አንስቶ ወደ ማዕከሉ መረጃ መላኩ ለተቆጣጣሪዎች አይንና ጆሮ እንደመሆን ይቆጠራል ያሉት ኃላፊው፤ በአመቱ መጨረሻ የላኩት የመረጃ ብዛት ታይቶ ግለሰቦቹ ለተወጡት ማህበራዊ ኃላፊነት ትልልቅ ሽልማቶች የሚበረከትበት አሰራር እንደሚፈጠርም ጠቁመዋል።</p>\r\n\r\n<p>ኢቲቲኤ ታክሲ የሚባል አገር በቀል ግብረሰናይ ድርጅት ፕሮግራሙን ለቢሮው በነጻ ማበልጸጉን የተናገሩት ዶክተር ሰሎሞን፤ ወደ ስራ ለማስገባት 700 የሚደርሱ የሞባይል ስልክ ቀፎዎችን ለተቆጣጣሪ ሰራተኞች ለመግዛት በሂደት ላይ ነው። ግዥው በቅርቡ ተፈጽሞ እንደተጠናቀቀ ፕሮግራሙ ተመርቆ ወደ ስራ እንደሚገባም ጠቁመዋል።</p>\r\n', '22-01-2020', 'Kidus', 'news-78.jpg', 'Published', 'Walta', 0, 0, '', '', ''),
(79, 'ማይክሮ ሶፍት ኩባንያ ለዊንዶውስ 7 የሚሰጠውን ድጋፍ ጀምሮ ሊያቋርጥ ነው', 'science-1', '<p>ኩባንያው ዊንዶውስ 7 አገልግሎት ላይ ከዋለበት ጥቅምት 12 ቀን 2002 ዓ.ም ጀምሮ ላለፉት አሥር ዓመታት ቴክኒካዊ ድጋፍ ሲያደርግ መቆየቱን ነው የገለጸው።</p>\r\n\r\n<p>የአሥር ዓመት ጊዜ መጠናቀቁን ተከትሎም ለዊንዶውስ 7 የሚደረገውን ድጋፍ በማቋረጥ፣ አዳዲስ ቴክኖሎጂዎች እና ሌሎች ልምዶች ላይ ያተኮረ ኢንቨስትመንት ለማድረግ ማቀዱን ይፋ አድርጓል።</p>\r\n\r\n<p>ማይክሮ ሶፍት ኩባንያ ለዊንዶውስ 7 የሚሰጠውን ድጋፍ ከጥር 05 ቀን 2012 ጀምሮ የሚቋረጥ መሆኑንም ይፋ አድርጓል።</p>\r\n\r\n<p>ከእነዚህ ቀናት በኋላ ለዊንዶውስ 7 የሚደረገው ቴክኒካዊ ድጋፍ ብሎም ሶፍትዌሩን የማደስ ተግባራት ስለሚቆሙ፣ ይህንን ዊንዶውስ የሚጠቀሙ አካላት ይደረግላቸው የነበረው የጥቃት ጥበቃ እንደሚቋረጥ አመልክቷል።</p>\r\n\r\n<p>በመሆኑም ኩባንያው ተጠቃሚዎቹ ጊዜው ከመጠናቀቁ እስቀድሞ ችግር እንዳይገጥማቸው ለመከላከል አገልግሎታቸውን ወደ ዊንዶውስ 10 እንዲያዞሩ መክሯል።</p>\r\n\r\n<p>(ምንጭ:- ማይክሮ ሶፍት)</p>\r\n', '22-01-2020', 'Kidus', 'news-79.jpg', 'Published', 'Walta', 0, 1, '', '', ''),
(80, 'ኢትዮጵያዊው በሊትር እስከ 40 ኪሎ ሜትር መጓዝ የምትችል ተሽከርካሪ ሰራ', 'science-1', '<p>በሊትር እስከ 40 ኪሎ ሜትር መጓዝ የምትችል ተሸከርካሪ በኢትዮጵያዊ ወጣት መሰራቱን የኢኖቬሽንና ቴክኖሎጂ ሚኒስቴር ገለጸ።</p>\r\n\r\n<p>በወላይታ ዞን አረካ ከተማ ነዋሪ የሆነው ታዳጊ አጃዬ ማጆር ተሸከርካሪዋን ከወዳደቁ ብረቶች እንደሰራት ተነግሯል።</p>\r\n\r\n<p>የኢኖቬሽንና ቴክኖሎጂ ሚኒስቴር ባደረገለት ድጋፍ የተሰራችው የባለ ሁለት እግር ተሸከርካሪ ሞተርን በመጠቀም የተሰራች ሲሆን ወደ ኋላ መሄድ እንድትችል ተደርጋ ተሻሽላ ተሰርታለች።</p>\r\n\r\n<p>አራት ኩንታል ክብደት ያላት ተሽከርካሪዋ እስከ 4 ሰዎች የመጫን አቅም ያላት ሲሆን በአንድ ሊትር እስከ 40 ኪሎ ሜትር መጓዝ ትችላለች ተብሏል።</p>\r\n\r\n<p>ታዳጊው የ11ኛ ክፍል ተማሪ ሲሆን ከዚህ በፊትም ተመሳሳይ መኪና መስራቱ ተገልጿል።</p>\r\n\r\n<p>ሚኒስቴር መስሪያ ቤቱ ለታዳጊው የተለያዩ ድጋፎችን እንደሚያደርግ ከኢኖቬሽንና ቴክኖሎጂ ሚኒስቴር ያገኘነው መረጃ ያመለክታል።</p>\r\n', '22-01-2020', 'Kidus', 'news-80.jpg', 'Published', 'Walta', 0, 1, '', '', ''),
(81, 'የጀርመን ተማሪዎች የኢሜላቸውን ይለፍ ቃል ለማግኘት ወረፋ ይዘዋል', 'science-1', '<p>በጀርመን 38 ሺህ ተማሪዎች ኢሜላቸውን ለመክፈት እንዲችሉ አዲስ የይለፍ ቃል ለማግኘት<strong>&nbsp;</strong>በአካል ተገኝተው ወረፋ እንዲጠብቁ መደረጉ ተሰማ።</p>\r\n\r\n<p>ይህ የሆነው ዩኒቨርስቲው የሳይበር ጥቃት ከደረሰበት በኋላ ነው ተብሏል።</p>\r\n\r\n<p>በጁስቱስ ሊቤግ ዩኒቨርስቲ (ጄኤልዩ) ተማሪ የሆኑት &quot;ሕጋዊ አሰራር&quot; በሚል ማንነታቸውን የሚገልጽ መታወቂያ እንዲያቀርቡም ተጠይቀዋል።</p>\r\n\r\n<p>ከሳምንት በፊት የደረሰው የሳይበር ጥቃት በአጠቃላይ የዩኒቨርስቲው ኢንተርኔትን ከስራ ውጪ አድርጎት ነበር።</p>\r\n\r\n<p>ተማሪዎች ስለጥቃቱ ከተገለጸላቸው በኋላ ከጀርመን የሳይበር ደህንነት ጥናት ማዕከል ጋር በመሆን ምርመራ እየተደረገ ነው ተብሏል።</p>\r\n\r\n<p>ዩኒቨርስቲው ባወጣው ማስታወቂያ ላይ &quot;ሁሉም የዩኒቨርስቲው ሰራተኞችና ተማሪዎች በአካል በመገኘት የኢሜል ይለፍ ቃላቸውን መውሰድ ይጠበቅባቸዋል&quot; ብሏል።</p>\r\n\r\n<p>ተማሪዎቹ መታወቂያ ካርዳቸውን በመያዝ ወደ ዩኒቨርስቲው የአካል ብቃት መስሪያ ስፍራ በትውልድ ቀናቸው ቅደም ተከተል መሰረት እንዲመጡ ተጠይቀዋል።</p>\r\n\r\n<p>በተለጠፈው ዝርዝር መሰረት ተማሪዎቹን በሙሉ አስተናግዶ ለመጨረስ አምስት ቀናትን ይወስዳል።</p>\r\n\r\n<p>ይህ በእንዲህ እያለ ዩኒቨርስቲው 1 ሺህ 200 የፍላሽ ዲስኮች ለሰራተኞቹ ያዘጋጀ ሲሆን፤ በዚህም ሁሉም በዩኒቨርስቲው የሚገኙ ኮምፒውተሮች ከቫይረስ እንዲጸዱ ይደረጋል ብሏል። (ምንጭ፡-ቢቢሲ)</p>\r\n', '22-01-2020', 'Kidus', 'news-81.jpg', 'Published', 'Walta', 0, 1, '', '', ''),
(82, 'የኢትዮጵያ ሳተላይት የመጀመሪያዋን ምስል ላከች', 'science-1', '<p>ኢትዮጵያ ባለፈው ሳምንት ወደ ህዋ ያመጠቀቻት ሳተላይት ከህዋ ያነሳቸውን የመጀመሪያ ምስል ልካለች።</p>\r\n\r\n<p>ምድርን እየቃኘች እና በፎቶ እየመዘገበች መረጃ የምትሰበስበውና &ldquo;ETRSS-1&rdquo; የሚል ስያሜን የተሰጣት የመጀመሪያዋ የኢትዮጵያ ሳተላይት የመጀመሪያ ፎቶን ከህዋ እንደላከች ነው የተገለፀው።</p>\r\n\r\n<p>በቻይና የኢትዮጵያ አምባሳደር ተሾመ ቶጋ ይህን የመጀመሪያ ምስል በትዊተር ገፃቸው ይፋ ባደረጉበት ጽሑፋቸው ምስሉን ማጋራት በመቻላቸው የተሰማቸውን ደስታ ገልፀዋል።</p>\r\n\r\n<p>ሳተላይቷ ቻይና ከሚገኘው የሳተላይት ማስወንጨፊያ ጣቢያ ባለፈው አርብ ነበር የመጠቀቸው።</p>\r\n\r\n<p>የአየር ንብረት ለውጥን ለመቆጣጠር፣ ከግብርና ጋር የተያያዙ ጥናት እና ምርምሮችን ለመሥራት እና ሌሎች ዘርፈ ብዙ የመሠረተ ልማት ተግባራትን ለማከናወን ታስችላለች ነው የተባለው።</p>\r\n', '22-01-2020', 'Kidus', 'news-82.jpg', 'Published', 'Walta', 0, 1, '', '', ''),
(83, 'እንግሊዝ የጣውላ ስታዲየም ልትገነባ ነው', 'sport-1', '<p>በእንግሊዝ የሚገኘው ፎረስት ግሪን ሮቨርስ እግር ኳስ ክለብ በዓለማችን የመጀመሪያውን የጣውላ ስታዲየም ለመገንባት ከአካባቢው አስተዳደር ሕጋዊ ፈቃድ ተሰጠው፡፡</p>\r\n\r\n<p>በጣውላ ብቻ የሚሠራው ስታዲየም እስከ 5 ሺህ መቀመጫ ይኖረዋል ተብሏል፡፡</p>\r\n\r\n<p>ስታዲየሙ ወደ ከባቢ አየር የሚለቀቀውን በካይ አየር መጠን እንደሚቀንስም ክለቡ አስታውቋል፡፡</p>\r\n\r\n<p>ከስታዲየሙ አጠገብ አዲስ የልምምድ ሜዳ እና የስፖርት ሳይንስ ማዕከል እንደሚገነባም ነው የተገለጸው፡፡</p>\r\n\r\n<p>በጣውላ ብቻ የሚሠራው ስታዲየም 159 ሜትር በ144 ሜትር ስፋት ያለው ሲሆን 19.5 ሜትር ቁመት እንደሚኖረው መረጃው አመላክቷል፡፡</p>\r\n\r\n<p>(ምንጭ፡ ኒው ሲቪል ኢንጂነር)</p>\r\n', '22-01-2020', 'Kidus', 'news-83.jpg', 'Published', 'Walta', 0, 0, '', '', ''),
(84, 'ባለፉት 10 ዓመታት የዓለም ህዝብ ኑሮ መሻሻል እንዳሳየ የዓለም ባንክ አስታወቀ', 'business-1', '<p>የዓለም ባንክ እ.አ.አ 2010 ጀምሮ ባሉት አሥር ዓመታት ውስጥ በዓለም አቀፍ ደረጃ መሻሻሎች የታዩበት መሆኑን አዲስ ባወጣው ሪፖርቱ አመለከተ።</p>\r\n\r\n<p>ሪፖርቱ ከ30 ዓመታት በፊት 1/3ኛው የዓለማችን ሕዝብ በከፋ ድህነት ውስጥ የነበረ መሆኑን ጠቅሶ፣ አሁን ላይ ግን በቀን ከ1.90 ዶላር በታች የሚያገኘው ሕዝብ መጠን ከ10 በመቶ በታች መውረዱን አትቷል።</p>\r\n\r\n<p>እ.አ.አ በ2000 እና 2015 መካከል ባሉት ዓመታት ውስጥ 15 አገራት ውስጥ የሚኖሩ ከ800 ሚሊዮን በላይ ሰዎች ከከፋ ድህነት ተላቅቀዋል ብሏል በሪፖርቱ።</p>\r\n\r\n<p>ከእነዚህ አገራት መካከል ሰባቱ ከሰሃራ በታች ከሚገኙ አገራት የተገኙ እና ከሰባቱ ሁለቱ ደግሞ በውድቀት ውስጥ ሆነው ውጤት ያስመዘገቡ መሆናቸውን ጠቅሷል።</p>\r\n\r\n<p>ከዓለማችን እጅግ ድሆች መካከል ግማሽ የሚሆኑት (736 ሚሊዮን) ሕንድ፣ ናይጀሪያ፣ ዴ.ሪ.ኮንጎ፣ ኢትዮጵያ እና ባንግላዲሽ ውስጥ የሚኖሩ እንደሆኑ አመልክቷል።</p>\r\n\r\n<p>የዓለማችን 85 በመቶ ድሆች ደግሞ ደቡብ እስያ እና ከሰሃራ በታች ውስጥ የሚገኙ አገራት ውስጥ የሚኖሩ መሆናቸውን አትቷል።</p>\r\n\r\n<p>የአየር ንብረት ለውጥ ስጋት የገባቸው ከ150 በላይ በሚሆኑ የዓለማችን አገራት የሚኖሩ በሚሊዮኖች የሚቆጠሩ ሰዎች ለተቃውሞ ወጥተው አስቸኳይ እርምጃ እንዲወሰድ ድምፃቸውን ማሰማታቸውን ገልጿል።</p>\r\n\r\n<p>እ.አ.አ 2010 ላይ የነበረው ኤሌክትሪክ የማያገኘው 1.2 ቢሊዮን የዓለማችን ሕዝብ 2017 ላይ ወደ 840 ሚሊዮን በመውረድ፣ በአሁኑ ወቅት 89% በመቶ ሽፋን ላይ መድረሱን ጠቅሷል።<br />\r\nከዚህ ቁጥር ውስጥ ከሰሃራ በታች ከሚኖረው ሕዝብ መካከል 573 ሚሊዮን የሚሆነው አሁንም ኤሌክትሪክ እንደማያገኝ አመልክቷል።</p>\r\n\r\n<p>ሆኖም የዓለማችን ብዝኃ ሕይወት በሰው ልጅ ታሪክ ውስጥ ታይቶ በማይታወቅ መልኩ በፍጥነት እየቀነሰ መምጣቱን አትቷል።</p>\r\n\r\n<p>ሪፖርቱ በአሥር ዓመቱ ውስጥ በዓለማችን ይኖራሉ ተብለው ከሚጠበቁ ስምንት ሚሊየን የብዝኃ ሕይወት ዝርያዎች ውስጥ አንድ ሚሊየን ገደማ የሚሆኑት የመጥፋት አደጋ እንደተደቀነባቸው ጠቁሟል።</p>\r\n\r\n<p>በዓለም አቀፍ ደረጃ ዕድሜያቸው ከአምስት ዓመት በታች የሆኑ 166 ሚሊየን ሕፃናት መዝገብ የማያውቃቸው መሆኑን፣ 237 ሚሊዮን የሚሆኑት ደግሞ የልደት የምሥክር ወረቀት እንደሌላቸው አመልክቷል።</p>\r\n\r\n<p>ዝቅተኛ እና መካከለኛ ገቢ ባላቸው አገራት ውስጥ የሚኖሩ 53 በመቶ ሕፃናት ብሎም 89 በመቶ ድሃ አገራት ውስጥ የሚገኙ ሕፃናት የመማር ድህነት ችግር ያለባቸው መሆኑን ጠቅሷል።</p>\r\n\r\n<p>በዓለም አቀፍ ደረጃ የአገልግሎት ዘርፍ ሥራዎች ሌሎች ዘርፎችን እየመራ መሆኑንና ሴቶች (55 በመቶ) ከወንዶች (45 በመቶ) የበለጠ በአገልግሎት ዘርፍ ውስጥ ተሰማርተው እንደሚገኙ አመልክቷል።</p>\r\n\r\n<p>እ.አ.አ 2018 ውስጥ በዓለም አቀፍ ደረጃ የተፈናቃዮች ቁጥር ወደ 70.8 ሚሊየን ማሻቀቡን፣ ከእነርሱም መካከል 25.9 ስደተኞች፣ 41.3 በመቶ የአገር ውስጥ ተፈናቃዮች እንዲሁም 3.5 ሚሊየን ደግሞ ጥገኝነት ጠያቂዎች መሆናቸውን አትቷል።</p>\r\n\r\n<p>በአሁኑ ወቅት በርካታ ቤት ኤሌክትሪክ እና ሽንት ቤት በአግባቡ ሳይኖረው ተንቀሳቃሽ ስልክ ማግኘት መቻሉን ያመለከተው የዓለም ባንክ ሪፖርት፣ ተንቀሳቃሽ ስልክ የትኛውም ስፍራ በቀላሉ የሚገኝ ቢሆንም በበርካታ ታዳጊ አገራት ግን ኢንተርኔት እና ብሮድባንድ የማግኘት ጉዳይ ፈታኝ እንደሆነ ጠቅሷል።<br />\r\nበዓለም አቀፍ ደረጃ የኩፍኝ በሽታ ክትባት ሒደት ላይ ክፍተት በመኖሩ፣ በሽታው ማገርሸቱንና እ.አ.አ ኅዳር 2019 ጀምሮ 300 በመቶ ጭማሪ ማሳየቱን ገልጿል።</p>\r\n\r\n<p>በመጨረሻም ባለፉት 20 ዓመታት ውስጥ የዓለማችን እጅግ ድሃ አገራት የኑሮ መሻሻል ማሳየታቸውን አመልክቷል።</p>\r\n\r\n<p>በዚህም ለውጥ የከፋ ድህነት ምጣኔ ከ50 በመቶ ወደ 30 በመቶ መውረዱን፣ የሕጻናት ሞት ከ14 በመቶ ወደ ሰባት በመቶ መቀነሱን፣ ኤሌክትሪክ የማግኘት መጠን ወደ 57 በመቶ ማሻቀቡን፣ ንጹሕ የመጠጥ ውኃ እና ሽንት ቤት የመጠቀም ምጣኔ እያንዳንዳቸው 22 በመቶ እና 41 በመቶ ጭማሪ ማሳየታቸውን አትቷል። (ምንጭ፡-የዓለም ባንክ)</p>\r\n', '22-01-2020', 'Kidus', 'news-84.jpg', 'Published', 'Walta', 1, 0, '', '', ''),
(85, 'ለአራት ክልሎች የወተት ማጓጓዣ መኪኖች ድጋፍ ተደረገ', 'business-1', '<p>በተሻሻሉ ዝርያዎች ወተት በብዛት በሚመረትባቸው አራት ክልሎች የወተት ማጓጓዣ መኪና ድጋፍ መደረጉን የግብርና ሚኒስቴር አስታወቀ፡፡</p>\r\n\r\n<p>በተባበሩት መንግስታት የልማት ፕሮግራም ድጋፍ የተገኙት እነዚህ የወተት ማጓጓዣ መኪኖች ለትግራይ፣ አማራ፣ ኦሮሚያ እና ደቡብ ብሔሮች፣ ብሔረሰቦችና ሕዝቦች ክልሎች መከፋፈላቸው የግብርና ሚኒስቴር ዴኤታ ገብረእግዚአብሔር ገብረዮሐንስ (ዶ/ር) አስታውቀዋል፡፡</p>\r\n\r\n<p>ተሽከርካሪዎቹ ሀገሪቱ ያላትን የወተት ሐብት የጥራት ደረጃ ለማሳደግ እና የገበያ ትስስር ለመፍጠር የጎላ አስተዋጽኦ እንደሚያበረክቱ ሚኒስትር ዴኤታው ተናግረዋል፡፡</p>\r\n\r\n<p>ተሽከርካሪዎቹ የወተት ምርት ጥራቱን በጠበቀ መልኩ ወደ ወተት ማቀነባበሪያ ኢንዱስትሪዎች የሚያደርሱ ሲሆን ወተቱ ለ24 ሰዓታት ሳይበላሽ እንዲቆይ የሚያስችል ቴክኖሎጂ የተገጠመላቸው መሆኑም ተገልጿል፡፡</p>\r\n\r\n<p>ለመኪኖቹ በአጠቃላይ 256 ሺህ ዶላር ወጪ የተደረገባቸው ሲሆን እያንዳንዳቸው 10ሺህ ሊትር ወተት የመጫን አቅም እንዳላቸው ታውቋል፡፡</p>\r\n\r\n<p>&nbsp;</p>\r\n', '22-01-2020', 'Kidus', 'news-85.jpg', 'Published', 'Walta', 0, 2, '', '', ''),
(86, 'በገጠር የሥራ ዕድል ፈጠራ ከ10 ሚሊየን በላይ ዜጎች ተጠቃሚ ይሆናሉ - የግብርና ሚኒስቴር', 'business-1', '<p>በኢትዮጵያ በቀጣይ 10 ዓመታት በሚካሄደው የገጠር የሥራ ዕድል ፈጠራ መርሐግብር ከ10 ሚሊየን በላይ ዜጎች ተጠቃሚ እንደሚሆኑ የግብርና ሚኒስቴር ገለጸ።</p>\r\n\r\n<p>ሚኒስቴሩ በገጠር ሥራ ዕድል ፈጠራ መርሐግብር ላይ&nbsp; ያዘጋጀው ውይይት በባህር ዳር ተደርጓል፡፡</p>\r\n\r\n<p>በሚኒስቴሩ የገጠር የሥራ ዕድል ፈጠራ ዳይሬክተር ስለሺ በቀለ በውይይቱ ወቅት የግብርናውን ክፍለ ኢኮኖሚውን የወጣቶች የሥራ ዕድል መፍጠሪያ ለማድረግ እየተሰራ መሆኑን ገልጸዋል፡፡</p>\r\n\r\n<p>በዚህም ወጣቶችን በአትክልትና ፍራፍሬ፣ በሰብል ልማት፣ በተፈጥሮ ሃብት፣ በእንስሳት ሃብት ልማት፣ በመኖ ልማትና ሌሎች ተያያዥ ዘርፎች ለማሰማራት መታቀዱን ተናግረዋል።</p>\r\n\r\n<p>በኢትዮጵያ ከሚለማው 36 ሚሊየን ሄክታር መሬት ውስጥ እስካሁን የለማው 16 ሚሊየን ሄክታር መሬት ብቻ መሆኑ በቀጣይ ወጣቶቹን በዘርፉ ለማሰማራት ያስችላል ብለዋል።</p>\r\n\r\n<p>በተጨማሪም መንግሥት ለሥራ መነሻ የሚሆን የገንዘብ ብድር በማመቻቸት፣ ዘመናዊ ቴክኖሎጂዎችን በማቅረብና አዳዲስ አሰራሮችን በመተግበር ከባለድርሻ አካላት ጋር በመተባበር እንደሚሰራ አቶ ስለሺ ተናግረዋል።</p>\r\n\r\n<p>&nbsp;የሥራ ዕድል ፈጠራ ግብረኃይል በማጠናከር የአመለካከት ውስንነት፣ የገበያ ችግር፣ የቅንጅታዊ አሰራር ጉድለት፣ የአሰራርና የአደረጃጀት ክፍተቶችን ማስተካከል እንደሚገባ ዳይሬክተሩ አሳስበዋል።</p>\r\n\r\n<p>የአማራ ክልል ቴክኒክና ሙያ ኢንተርፕራይዞች ቢሮ ምክትል ኃላፊ ተፈሪ ታደሰ በበኩላቸው፣ በክልሉ&nbsp; ሥራ አጥነት፣ የስራ ማስጀመሪያ ካፒታልና የመስሪያ ቦታ አቅርቦት እጥረት&nbsp; ችግሮች እንደሚታዩ ገልጸው፣ ሥራ ፈላጊው ወጣት ዘንድ ሰርቶ ራሱን፣ ቤተሰቡንና ሀገሩን ለመጥቀም የሚያስችል አስተሳሰብ&nbsp; አለማዳበሩና የሥራ ተነሳሽነት ማጣት እንደሚታዩ&nbsp; ጠቅሰዋል።</p>\r\n\r\n<p>ዕቅዱን ወደ ተግባር ለመለወጥም የክልሉን ነባራዊ ሁኔታ ከግምት ውስጥ በማስገባት በዘመናዊ አሰራርና ክህሎት ላይ የተመሰረተ ስልጠና በተከታታይ ይሰጣል ብለዋል።</p>\r\n\r\n<p>ኅብረተሰቡ የሥራ ዕድል ፈጠራ የህልውና ጉዳይ መሆኑን በመረዳት ሊረባረብበት እንደሚገባና በገጠር በሚጠበቀው ልክ ሥራ መፍጠር ካልተቻለ ወጣቶች ወደ ከተሞች እያደረጉት ባለው ፍልሰት ሥራ አጥነት መጨመሩን ተሳታፊዎች አንስተዋል፡፡</p>\r\n\r\n<p>ችግሩን በዘላቂነት ለመፍታት መንግስታዊና መንግስታዊ ያልሆኑ ድርጅቶች፣ ባለሃብቶችና ኅብረተሰቡ የገጠር ማዕከላት አነስተኛ ኢንዱስትሪዎችን ማስፋፋት&nbsp; እንደሚጠበቅባቸው በውይይቱ ላይ ተነስቷል፡፡</p>\r\n\r\n<p>ከፌደራልና ከክልሎች የተውጣጡ ኃላፊዎችና ባለሙያዎች፣ ኢንተርፕራይዞችና እንግዶች ውይይቱ በጋራ ለመስራት ተነሳሽነት እንደሚፈጥር ያላቸውን እምነት ገልጸዋል።</p>\r\n\r\n<p>በሀገር ደረጃ መርሐ ግብሩ ከተጀመረበት ከ2008 ዓ.ም ወዲህ በግብርናው ዘርፍ ብቻ ሶስት ነጥብ ስምንት ሚሊየን ለሚሆኑ ወጣቶች ቋሚ ሥራ መፈጠሩ ተወስቷል።</p>\r\n\r\n<p>&ldquo;የገጠር የሥራ ዕድል ፈጠራ ለአገር ብልፅግና&rdquo; በሚል መሪ ሃሳብ ለሁለተኛ ጊዜ የተዘጋጀው ሀገር አቀፍ የገጠር የሥራ ዕድል ፈጠራ የኤግዚቢሽንና የባዛር ዝግጅቶች እንደነበሩት ኢዜአ ዘግቧል፡፡</p>\r\n', '22-01-2020', 'Kidus', 'news-86.jpg', 'Published', 'Walta', 0, 2, '', '', ''),
(87, 'ዚምባብዌ አዲስ የባንክ ኖቶችን ማሰራጨት ልትጀምር ነው', 'business-1', '<p>በኢኮኖሚ ቀውስ እየተናጠች ያለችው ዚምባብዌ አዲስ የገንዘብ ኖቶችን ማሰራጨት ልትጀምር መሆኑ ተገለጸ።</p>\r\n\r\n<p>በሀገሪቱ የተከሰተውን ከፍተኛ የሆነ የገንዘብ እጥረት ይቀርፋል በማለት ነው የዚምባብዌ ማዕከላዊ ባንክ ከዛሬ ጀምሮ አዲሱን መገበያያ ገንዘብ ማሰራጨት የሚጀምረው።</p>\r\n\r\n<p>ከፍተኛ የዋጋ ንረት ባለባት ሃገር አዲስ መገበያያ ገንዘብ ወደ ገበያው ማስገባት ያለውን የዋጋ ንረት እንዲጨምር ያደርጋል የሚል ስጋት በምጣኔ ሃብት ባለሙያዎች ዘንድ በስፋት እየተሰማ ነው ተብሏል።</p>\r\n\r\n<p>ይሁን እንጂ ማዕከላዊ ባንኩ የሚያሰራጫቸው አዲሶቹ ባለ ሁለት እና ባለ አምስት የባንክ ኖቶች የሚያስከትሉት ተጽእኖ እምብዛም ነው እያለ ነው። ይልቁንም በሃገሪቱ የተከሰተውን የጥሬ ገንዘብ እጥረት ያቃልላሉ ይላል ማዕከላዊ ባንኩ።</p>\r\n\r\n<p>በርካታ የሃገሪቱ ዜጎች የጥሬ ገንዘብ አቅርቦት እጥረት መከሰቱን ተከትሎ በባንክ ያላቸውን ገንዘብ ወጪ ማድረግ ተስኗቸው ቆይተዋል።</p>\r\n\r\n<p>መንግሥት አዲስ የባንክ ኖቶችን ማሳተም አማራጭን ይፋ ካደረገ በኋላ በሃገሪቱ የነበረው የዋጋ ንረት ከአንድ ወደ ሶስት አሃዝ ከፍ ብሏል።</p>\r\n\r\n<p>አሁን ላይ መንግሥት ይፋዊ የዋጋ ንረት መጠኑን ማሳወቅ አቁሟል። ይሁን እንጂ አሁን ላይ ያለው የዋጋ ንረት ከ300% በላይ እንደሆነ ይገመታል።</p>\r\n\r\n<p>የዚምባብዌ ዶላር የመግዛት አቅም እጅጉን መዳከሙን ተከትሎ እ.አ.አ. ከ2009 ጀምሮ ዜጎች በአሜሪካ ዶላር መገበያየት ጀምረው ነበር።</p>\r\n\r\n<p>ይሁን አንጂ መንግሥት ዜጎች በዚምባብዌ ገንዘብ መገበያየት እንዲጀምሩ ጥረት ሲያደርግ ቆይቷል ሲል ቢቢሲ ዘግቧል፡፡</p>\r\n', '22-01-2020', 'Kidus', 'news-87.jpg', 'Published', 'Walta', 0, 2, '', '', '');
INSERT INTO `Maleda_News_news` (`news_id`, `news_title`, `news_slug`, `news_content`, `news_date`, `publisher`, `photo`, `status`, `source`, `is_featured`, `total_view`, `meta_title`, `meta_keyword`, `meta_description`) VALUES
(88, 'ሚኒስቴሩ በሀገር ውስጥ ያሰራውን የማሳያ ታብሌት ለእይታ አበቃ', 'science-1', '<p>የኢኖቬሽንና ቴክኖሎጂ ሚኒስቴር ከ9ኛ እስከ 12 ክፍል ላሉ ተማሪዎች መማሪያና ለመምህራን ማስተማሪያ እንዲሆን&nbsp;በሀገር ውስጥ&nbsp;በትዕዛዝ ያሰራዉን ታብሌት&nbsp;ለእይታ ማብቃቱ ተገለጸ።</p>\r\n\r\n<p>ሙሉ &nbsp;በሙሉ በኢትዮጵያውያን የተነደፈው ታብሌት መንግስት ለመጽሐፍ የሚያወጣውን ወጪ ለማስቀረት እንደሚያግዘውና ተማሪዎች ራሳቸውን ከዘመኑ ቴክኖሎጂ ጋር አዛምደው እንዲሄዱ እንደሚረዳቸው የኢኖቬሽንና ቴክኖሎጂ ሚኒስትሩ ጌታሁን መኩሪያ (ዶ/ር እንጂ.) ተናግረዋል።<br />\r\nይህንን ወደ ተግባር ለማስገባት የኢንተርኔት ግንኙነት ጉዳይ በእጅጉ ያሳስባል ያሉት ሚኒስትሩ ችግሩን ለመፍታት እንደሚሰራ ጠቁመዋል።</p>\r\n\r\n<p>በቀጣይ በሙሉ አቅም ወደ ማምረት ሲገባ ሙሉ ለሙሉ ታብሌቱን ሀገር ውስጥ የማምረት እቅድ ተይዟልም ነው የተባለው።</p>\r\n\r\n<p>ከኢኖቬሽንና ቴክኖሎጂ ሚኒስቴር ያገኘነው መረጃ እንደሚያመለክተው የታብሌት&nbsp;ምርቱ&nbsp;እስከ 70 በመቶ የሀገር ውስጥ እሴትን የሚጠቀም ነው።</p>\r\n', '25-01-2020', 'getu temesgen', 'news-88.jpg', 'Published', 'Walta', 0, 1, '', '', ''),
(91, 'ጠ/ሚ ዐቢይ ከደቡብ ክልል የማኅበረሰብ አባላት ጋር ምክክር አካሄዱ ', 'politics', '<p>ጠቅላይ ሚኒስትር ዐቢይ አህመድ (ዶ/ር)በደቡብ ክልል ብሔሮች፣ ብሔረሰቦች እና ሕዝቦች ክልል እየተነሱ ላሉ የክልልነት ጥያቄዎች ዘላቂ መፍትሔ ለመስጠት ከደቡብ ክልል ሁሉም ወረዳዎች ከተውጣጡ የኃይማኖት አባቶች፣ የሀገር ሽማግሌዎች፣ ምሁራን እና ወጣቶች ጋር ውይይት አድርገዋል፡፡</p>\r\n\r\n<p>በክልሉ እየተከሰቱ ለሚገኙ ግጭቶችና እየተነሱ ላሉ የክልልነት ጥያቄዎች ዘላቂ መፍትሔ ለመስጠት ያለመ ውይይት ዛሬ በጠቅላይ ሚኒስትር ጽሕፈት ቤት ተካሂዷል፡፡</p>\r\n\r\n<p>በመድረኩ ላይ በርካታ ጥያቄዎች የተነሱ ሲሆን፣ በክልሉ የሚገኙ ከ56 በላይ ብሔረሰቦች ሩብ ክፍለ ዘመንን ለተሻገሩ ዓመታት በአንድ መተዳደራቸው ፈታኝ እንደነበር አንሥተዋል።</p>\r\n\r\n<p>ይህንን ተከትሎ አስተዳደራዊ በደሎች ከፍተኛ እንደነበሩ የገለጹት ተወካዮች፣ እንደ መፍትሔ የክልልነት ጥያቄ የሚለውን አማራጭ አንሥተዋል።</p>\r\n\r\n<p>የክልሉ መልክዓ ምድራዊ ገጽታ አስቸጋሪነት እና አንዳንድ አካባቢዎች ከክልሉ መዲና ያላቸው ርቀት ለተፈጠረው መጉላላት እንደ ምክንያትነት ተጠቅሷል።</p>\r\n\r\n<p>በዚህም ምክንያት ፍትሕን በቀላሉ ለማግኘት በሚል ከልዩ ወረዳነት ተያይዞ የሚነሡ ጥያቄዎች ምላሽ ሳያገኙ ዓመታት መቆጠራቸውን አስረድተዋል።</p>\r\n\r\n<p>ክልሉ ከፍተኛ የሆነ የተፈጥሮ ሀብት ክምችት ባለቤት ሆኖ እያለ በርካታ አካባቢዎች እንደ ሆስፒታል፣ መንገድ የመሳሰሉ የመሠረተ ልማቶች ተቋማት ተደራሽነት ካለመኖር የተነሣ ዜጎች በፈተና ውስጥ ተገድደው እንዲኖሩ የሚለው ጥያቄም ተነሥቷል።</p>\r\n\r\n<p>ጠቅላይ ሚኒስትር ዐቢይ አህመድ ከተወካዮቹ ለተነሱት ጥያቄ በሰጡት ምላሽ፣ ከሰላም እጦት ጋር ተያይዞ ለሚነሱ ጥያቄዎች ተነጋግሮ መፍትሄ የማበጀት ስራ እንደሚሰራ ገልጸው፣ ችግሮቹን ለመፍታት ምሁራንን፣ የሀገር ሽማግሌዎችንና ከፖለቲካ ነፃ የሆኑ 80 የሚደርሱ ሰዎችን የሰላም አምባሳደር በማድረግ በሁሉም አካባቢ ህዝቡን እንዲያወያዩ እየተደረገ ነው ብለዋል፡፡</p>\r\n\r\n<p>ከመሰረተ ልማት ጋር ተያይዘው ለቀረቡ ጥያቄዎችን ለመፍታት በትኩረት እየሰራ መሆኑን አንስተው፣ የመንገድን ችግር ለመፍታት መንግስት 47 ቢሊየን ብር መድቦ እየተንቀሳቀሰ መሆኑን ገልጸዋል፡፡</p>\r\n\r\n<p>በክልልነት ከመደራጀት ጋር ተያይዞ ለተነሱ ጥያቄዎችም በክልል መደራጀት ጋር የተያያዙ ጥያቄዎችን በአንድ መድረክ ላይ መልስ መስጠት አይቻለም፤ ነገር ግን የሀገርን አንድነት እና የዜጎችን አብሮነት በማይጎዳ መልኩ በክልል መደራጀት ጋር የተያያዙ ጥያቄዎች በሂደት መፍትሄ እያገኙ ይሄዳሉ ብለዋል፡፡</p>\r\n\r\n<p>በሌላ በኩል የክልሉ ሕዝቦች ያለፉትን ዓመታት መከባበርን የሕይወታቸው መመሪያ አድርገው አብረው መኖርን በተግባር ማሳየት የቻሉ በመሆናቸው አሁን ላይ በሀገሪቱ እየተከሰተ ላለው የሰላም ችግር ሁሉም ህበብረተሰብ በያለበት የሰላሙ ባለቤት በመሆን ለሰላም መስፈን ከመንግስት ጎን መቆም እንዳለበት አንስተዋል፡፡</p>\r\n\r\n<p>ውይይቱ የሚቀጥል ሲሆን ከ2 ሺህ በላይ ከደቡብ ክልል ሁሉም አካባቢዎች የተውጣጡ ተሳታፊዎች ተገኝተዋል፡፡</p>\r\n', '27-01-2020', 'getu temesgen', 'news-91.jpg', 'Published', 'Walta', 0, 1, '', '', ''),
(97, 'ጠ/ሚ ዐቢይ ከቶኪዮ ኦሎምፒክ ዝግጅት አስተባባሪ ብሔራዊ ኮሚቴ አባላት ጋር ተወያዩ', 'politics-1', '<p>ጠቅላይ ሚኒስትር ዐቢይ አሕመድ (ዶ/ር) በ2012 ማብቂያ በጃፓን፣ ቶኪዮ ለሚካሄደው ኦሎምፒክ የሚደረጉ ዝግጅቶችን ለማስተባበር ከተቋቋመው ብሔራዊ ኮሚቴ ጋር ተወያይተዋል።</p>\r\n\r\n<p>ብሔራዊ የኦሎምፒክ ኮሚቴው ለጠቅላይ ሚኒስትር ዐቢይ ዝግጅታቸውን ባብራሩበት ወቅት ዓላማቸው ኢትዮጵያውያን አትሌቶችን ለውድድር መላክ ብቻ ሳይሆን፣ በድል እንዲመለሱም ማገዝ እንደሆነ አስታውቀዋል።</p>\r\n\r\n<p>ጠቅላይ ሚኒስትር ዐቢይ ከውይይቱ በኋላ በፌስቡክ ገፃቸው ባሰፈሩት አስተያየት ኮሚቴውን አግኝተው በያዝነው ዓመት በቶኪዮ ለሚካሄደው ኦሎምፒክ ያለውን ዕቅድ እና ዝግጅት ለመስማት በመቻላቸው መደሰታቸውን ገልፀዋል።</p>\r\n\r\n<p>ኢትዮያውያን አትሌቶች እና ስፖርተኞች የሀገሪቱ ኩራት ናቸው ያሉት ጠቅላይ ሚኒስትሩ፣ &nbsp;ሁሉም ኢትዮጵያውያን ብሔራዊ የኦሎምፒክ ኮሚቴው የሚያከውናቸውን ተግባራት እንዲደግፉ ጥሪያቸውን አቅርበዋል። (ምንጭ፡- የጠቅላይ ሚኒስትር ጽ/ቤት)</p>\r\n', '27-01-2020', 'Kidus', 'news-97.jpg', 'Published', 'Walta', 0, 1, '', '', '');

-- --------------------------------------------------------

--
-- Table structure for table `Maleda_News_news_category`
--

CREATE TABLE `Maleda_News_news_category` (
  `news_category_id` int(11) NOT NULL,
  `news_id` int(11) NOT NULL,
  `category_id` int(11) NOT NULL,
  `access` int(11) NOT NULL
) ENGINE=InnoDB DEFAULT CHARSET=utf8;

--
-- Dumping data for table `Maleda_News_news_category`
--

INSERT INTO `Maleda_News_news_category` (`news_category_id`, `news_id`, `category_id`, `access`) VALUES
(457, 48, 16, 0),
(458, 48, 17, 0),
(459, 48, 18, 0),
(460, 48, 19, 0),
(461, 48, 20, 1),
(462, 48, 21, 0),
(463, 48, 22, 0),
(464, 48, 23, 0),
(465, 49, 16, 0),
(466, 49, 17, 1),
(467, 49, 18, 0),
(468, 49, 19, 0),
(469, 49, 20, 0),
(470, 49, 21, 0),
(471, 49, 22, 0),
(472, 49, 23, 0),
(473, 50, 16, 0),
(474, 50, 17, 0),
(475, 50, 18, 0),
(476, 50, 19, 0),
(477, 50, 20, 0),
(478, 50, 21, 0),
(479, 50, 22, 0),
(480, 50, 23, 1),
(481, 51, 16, 0),
(482, 51, 17, 0),
(483, 51, 18, 0),
(484, 51, 19, 1),
(485, 51, 20, 0),
(486, 51, 21, 0),
(487, 51, 22, 0),
(488, 51, 23, 0),
(489, 52, 16, 0),
(490, 52, 17, 0),
(491, 52, 18, 0),
(492, 52, 19, 0),
(493, 52, 20, 1),
(494, 52, 21, 0),
(495, 52, 22, 0),
(496, 52, 23, 0),
(497, 53, 16, 1),
(498, 53, 17, 0),
(499, 53, 18, 0),
(500, 53, 19, 0),
(501, 53, 20, 0),
(502, 53, 21, 0),
(503, 53, 22, 0),
(504, 53, 23, 0),
(505, 54, 16, 0),
(506, 54, 17, 0),
(507, 54, 18, 0),
(508, 54, 19, 0),
(509, 54, 20, 0),
(510, 54, 21, 0),
(511, 54, 22, 0),
(512, 54, 23, 1),
(513, 55, 16, 0),
(514, 55, 17, 0),
(515, 55, 18, 1),
(516, 55, 19, 0),
(517, 55, 20, 0),
(518, 55, 21, 0),
(519, 55, 22, 0),
(520, 55, 23, 0),
(521, 56, 16, 0),
(522, 56, 17, 1),
(523, 56, 18, 0),
(524, 56, 19, 0),
(525, 56, 20, 0),
(526, 56, 21, 0),
(527, 56, 22, 0),
(528, 56, 23, 0),
(529, 57, 16, 0),
(530, 57, 17, 1),
(531, 57, 18, 0),
(532, 57, 19, 0),
(533, 57, 20, 0),
(534, 57, 21, 0),
(535, 57, 22, 0),
(536, 57, 23, 0),
(537, 58, 16, 0),
(538, 58, 17, 0),
(539, 58, 18, 0),
(540, 58, 19, 1),
(541, 58, 20, 0),
(542, 58, 21, 0),
(543, 58, 22, 0),
(544, 58, 23, 0),
(545, 59, 16, 0),
(546, 59, 17, 0),
(547, 59, 18, 0),
(548, 59, 19, 0),
(549, 59, 20, 0),
(550, 59, 21, 1),
(551, 59, 22, 0),
(552, 59, 23, 0),
(553, 60, 16, 0),
(554, 60, 17, 0),
(555, 60, 18, 0),
(556, 60, 19, 0),
(557, 60, 20, 0),
(558, 60, 21, 1),
(559, 60, 22, 0),
(560, 60, 23, 0),
(561, 61, 16, 0),
(562, 61, 17, 0),
(563, 61, 18, 1),
(564, 61, 19, 0),
(565, 61, 20, 0),
(566, 61, 21, 0),
(567, 61, 22, 0),
(568, 61, 23, 0),
(577, 63, 16, 0),
(578, 63, 17, 0),
(579, 63, 18, 0),
(580, 63, 19, 0),
(581, 63, 20, 0),
(582, 63, 21, 0),
(583, 63, 22, 1),
(584, 63, 23, 0),
(585, 64, 16, 0),
(586, 64, 17, 0),
(587, 64, 18, 1),
(588, 64, 19, 0),
(589, 64, 20, 0),
(590, 64, 21, 0),
(591, 64, 22, 0),
(592, 64, 23, 0),
(593, 65, 16, 0),
(594, 65, 17, 0),
(595, 65, 18, 1),
(596, 65, 19, 0),
(597, 65, 20, 0),
(598, 65, 21, 0),
(599, 65, 22, 0),
(600, 65, 23, 0),
(601, 66, 16, 0),
(602, 66, 17, 0),
(603, 66, 18, 1),
(604, 66, 19, 0),
(605, 66, 20, 0),
(606, 66, 21, 0),
(607, 66, 22, 0),
(608, 66, 23, 0),
(609, 67, 16, 0),
(610, 67, 17, 0),
(611, 67, 18, 1),
(612, 67, 19, 0),
(613, 67, 20, 0),
(614, 67, 21, 0),
(615, 67, 22, 0),
(616, 67, 23, 0),
(617, 68, 16, 0),
(618, 68, 17, 0),
(619, 68, 18, 0),
(620, 68, 19, 0),
(621, 68, 20, 0),
(622, 68, 21, 0),
(623, 68, 22, 1),
(624, 68, 23, 0),
(633, 70, 16, 0),
(634, 70, 17, 0),
(635, 70, 18, 0),
(636, 70, 19, 0),
(637, 70, 20, 0),
(638, 70, 21, 0),
(639, 70, 22, 1),
(640, 70, 23, 0),
(641, 71, 16, 0),
(642, 71, 17, 0),
(643, 71, 18, 0),
(644, 71, 19, 1),
(645, 71, 20, 0),
(646, 71, 21, 0),
(647, 71, 22, 0),
(648, 71, 23, 0),
(649, 72, 16, 0),
(650, 72, 17, 0),
(651, 72, 18, 0),
(652, 72, 19, 0),
(653, 72, 20, 0),
(654, 72, 21, 1),
(655, 72, 22, 0),
(656, 72, 23, 0),
(657, 73, 16, 0),
(658, 73, 17, 0),
(659, 73, 18, 0),
(660, 73, 19, 1),
(661, 73, 20, 0),
(662, 73, 21, 0),
(663, 73, 22, 0),
(664, 73, 23, 0),
(665, 74, 16, 0),
(666, 74, 17, 0),
(667, 74, 18, 0),
(668, 74, 19, 1),
(669, 74, 20, 0),
(670, 74, 21, 0),
(671, 74, 22, 0),
(672, 74, 23, 0),
(673, 75, 16, 0),
(674, 75, 17, 0),
(675, 75, 18, 0),
(676, 75, 19, 1),
(677, 75, 20, 0),
(678, 75, 21, 0),
(679, 75, 22, 0),
(680, 75, 23, 0),
(681, 76, 16, 0),
(682, 76, 17, 0),
(683, 76, 18, 0),
(684, 76, 19, 1),
(685, 76, 20, 0),
(686, 76, 21, 0),
(687, 76, 22, 0),
(688, 76, 23, 0),
(689, 77, 16, 0),
(690, 77, 17, 0),
(691, 77, 18, 0),
(692, 77, 19, 1),
(693, 77, 20, 0),
(694, 77, 21, 0),
(695, 77, 22, 0),
(696, 77, 23, 0),
(697, 78, 16, 0),
(698, 78, 17, 1),
(699, 78, 18, 0),
(700, 78, 19, 0),
(701, 78, 20, 0),
(702, 78, 21, 0),
(703, 78, 22, 0),
(704, 78, 23, 0),
(705, 79, 16, 0),
(706, 79, 17, 1),
(707, 79, 18, 0),
(708, 79, 19, 0),
(709, 79, 20, 0),
(710, 79, 21, 0),
(711, 79, 22, 0),
(712, 79, 23, 0),
(713, 80, 16, 0),
(714, 80, 17, 1),
(715, 80, 18, 0),
(716, 80, 19, 0),
(717, 80, 20, 0),
(718, 80, 21, 0),
(719, 80, 22, 0),
(720, 80, 23, 0),
(721, 81, 16, 0),
(722, 81, 17, 1),
(723, 81, 18, 0),
(724, 81, 19, 0),
(725, 81, 20, 0),
(726, 81, 21, 0),
(727, 81, 22, 0),
(728, 81, 23, 0),
(729, 82, 16, 0),
(730, 82, 17, 1),
(731, 82, 18, 0),
(732, 82, 19, 0),
(733, 82, 20, 0),
(734, 82, 21, 0),
(735, 82, 22, 0),
(736, 82, 23, 0),
(737, 83, 16, 0),
(738, 83, 17, 0),
(739, 83, 18, 0),
(740, 83, 19, 1),
(741, 83, 20, 0),
(742, 83, 21, 0),
(743, 83, 22, 0),
(744, 83, 23, 0),
(745, 84, 16, 1),
(746, 84, 17, 0),
(747, 84, 18, 0),
(748, 84, 19, 0),
(749, 84, 20, 0),
(750, 84, 21, 0),
(751, 84, 22, 0),
(752, 84, 23, 0),
(753, 85, 16, 1),
(754, 85, 17, 0),
(755, 85, 18, 0),
(756, 85, 19, 0),
(757, 85, 20, 0),
(758, 85, 21, 0),
(759, 85, 22, 0),
(760, 85, 23, 0),
(761, 86, 16, 1),
(762, 86, 17, 0),
(763, 86, 18, 0),
(764, 86, 19, 0),
(765, 86, 20, 0),
(766, 86, 21, 0),
(767, 86, 22, 0),
(768, 86, 23, 0),
(769, 87, 16, 1),
(770, 87, 17, 0),
(771, 87, 18, 0),
(772, 87, 19, 0),
(773, 87, 20, 0),
(774, 87, 21, 0),
(775, 87, 22, 0),
(776, 87, 23, 0),
(777, 88, 16, 0),
(778, 88, 17, 1),
(779, 88, 18, 0),
(780, 88, 19, 0),
(781, 88, 20, 0),
(782, 88, 21, 0),
(783, 88, 22, 0),
(784, 88, 23, 0),
(801, 91, 16, 0),
(802, 91, 17, 0),
(803, 91, 18, 0),
(804, 91, 19, 0),
(805, 91, 20, 1),
(806, 91, 21, 0),
(807, 91, 22, 0),
(808, 91, 23, 0),
(849, 97, 16, 0),
(850, 97, 17, 0),
(851, 97, 18, 0),
(852, 97, 19, 0),
(853, 97, 20, 1),
(854, 97, 21, 0),
(855, 97, 22, 0),
(856, 97, 23, 0);

-- --------------------------------------------------------

--
-- Table structure for table `Maleda_News_news_scheduled`
--

CREATE TABLE `Maleda_News_news_scheduled` (
  `id` int(11) NOT NULL,
  `news_id` int(11) NOT NULL,
  `news_date` varchar(30) NOT NULL
) ENGINE=InnoDB DEFAULT CHARSET=utf8;

-- --------------------------------------------------------

--
-- Table structure for table `Maleda_News_page`
--

CREATE TABLE `Maleda_News_page` (
  `page_id` int(11) NOT NULL,
  `page_name` varchar(255) NOT NULL,
  `page_slug` varchar(255) NOT NULL,
  `page_content` text NOT NULL,
  `page_layout` varchar(255) NOT NULL,
  `status` varchar(30) NOT NULL,
  `meta_title` varchar(255) NOT NULL,
  `meta_keyword` text NOT NULL,
  `meta_description` text NOT NULL
) ENGINE=InnoDB DEFAULT CHARSET=utf8;

--
-- Dumping data for table `Maleda_News_page`
--

INSERT INTO `Maleda_News_page` (`page_id`, `page_name`, `page_slug`, `page_content`, `page_layout`, `status`, `meta_title`, `meta_keyword`, `meta_description`) VALUES
(1, 'ስለኛ', 'about-us', '<p>This website is developed by intrern students of Jimma University as a project to be submitted to omricon software solution.</p>\r\n\r\n<p> Overall, this website has a great user experience. It\'s fun corporate photos take the spotlight and their value prop is made super clear right off the bat. But what we like best is that the website\'s buttons are very clear and show up at the top. It is designed to deliver news to the users with the best possible quality user interface.</p>\r\n\r\n', 'Full Width', 'Active', '', '', ''),
(2, 'ያግኙን', 'contact-us', '', 'Contact Us', 'Active', '', '', ''),
(5, 'የፎቶ ምስሎች', 'photo-gallery', '', 'Gallery Page', 'Active', '', '', ''),
(6, 'ምስሎች', 'video-gallery', '', 'Video Page', 'Active', '', '', '');

-- --------------------------------------------------------

--
-- Table structure for table `Maleda_News_photo`
--

CREATE TABLE `Maleda_News_photo` (
  `photo_id` int(11) NOT NULL,
  `photo_caption` varchar(255) NOT NULL,
  `photo_name` varchar(255) NOT NULL,
  `p_category_id` int(11) NOT NULL
) ENGINE=InnoDB DEFAULT CHARSET=utf8;

--
-- Dumping data for table `Maleda_News_photo`
--

INSERT INTO `Maleda_News_photo` (`photo_id`, `photo_caption`, `photo_name`, `p_category_id`) VALUES
(14, 'beautiful addis, a photo taken by the phoyographer ', 'photo-14.png', 1);

-- --------------------------------------------------------

--
-- Table structure for table `Maleda_News_settings`
--

CREATE TABLE `Maleda_News_settings` (
  `id` int(11) NOT NULL,
  `logo` varchar(255) NOT NULL,
  `favicon` varchar(255) NOT NULL,
  `footer_about` text NOT NULL,
  `footer_copyright` text NOT NULL,
  `contact_address` text NOT NULL,
  `contact_email` varchar(255) NOT NULL,
  `contact_phone` varchar(255) NOT NULL,
  `contact_fax` varchar(255) NOT NULL,
  `contact_map_iframe` text NOT NULL,
  `receive_email` varchar(255) NOT NULL,
  `receive_email_subject` varchar(255) NOT NULL,
  `receive_email_thank_you_message` text NOT NULL,
  `total_recent_news` int(10) NOT NULL,
  `total_popular_news` int(10) NOT NULL,
  `meta_title_home` text NOT NULL,
  `meta_keyword_home` text NOT NULL,
  `meta_description_home` text NOT NULL,
  `mod_rewrite` varchar(5) NOT NULL
) ENGINE=InnoDB DEFAULT CHARSET=utf8;

--
-- Dumping data for table `Maleda_News_settings`
--

INSERT INTO `Maleda_News_settings` (`id`, `logo`, `favicon`, `footer_about`, `footer_copyright`, `contact_address`, `contact_email`, `contact_phone`, `contact_fax`, `contact_map_iframe`, `receive_email`, `receive_email_subject`, `receive_email_thank_you_message`, `total_recent_news`, `total_popular_news`, `meta_title_home`, `meta_keyword_home`, `meta_description_home`, `mod_rewrite`) VALUES
(1, 'logo.jpg', 'favicon.png', '<p>This website is developed by intrern students of <strong>Jimma University</strong> as a project to be submitted to omricon software solution.</p>\r\n', 'Copyright © 2020, Omricon. All Rights Reserved', 'Lideta, Addis Ababa, Ethiopia', 'info@maledanews.com', '0911776677', '87890287291', '<iframe src=\"https://www.google.com/maps/embed?pb=!1m18!1m12!1m3!1d3940.554211272606!2d38.73303281427631!3d9.013101691720667!2m3!1f0!2f0!3f0!3m2!1i1024!2i768!4f13.1!3m3!1m2!1s0x164b87d12c806a35%3A0x480c7f1fd0bf0141!2sLideta%20Mercato!5e0!3m2!1sen!2set!4v1579170724637!5m2!1sen!2set\" width=\"600\" height=\"450\" frameborder=\"0\" style=\"border:0;\" allowfullscreen=\"\"></iframe>', '', 'Visitor Email Message - Maleda News', 'Thank you for sending email. We will contact you shortly.', 3, 3, 'ማለዳ News', 'ዜና፣ ስፖርት፣ መዝናኛ፣ ፖለቲካ', 'MaledaNews is a nice and clean responsive Magazine and News Online Portal ', 'On');

-- --------------------------------------------------------

--
-- Table structure for table `Maleda_News_social`
--

CREATE TABLE `Maleda_News_social` (
  `social_id` int(11) NOT NULL,
  `social_name` varchar(30) NOT NULL,
  `social_url` varchar(255) NOT NULL,
  `social_icon` varchar(30) NOT NULL
) ENGINE=InnoDB DEFAULT CHARSET=utf8;

--
-- Dumping data for table `Maleda_News_social`
--

INSERT INTO `Maleda_News_social` (`social_id`, `social_name`, `social_url`, `social_icon`) VALUES
(1, 'Facebook', 'https://www.facebook.com', 'fa fa-facebook'),
(2, 'Twitter', 'https://www.Twitter.com', 'fa fa-twitter'),
(3, 'LinkedIn', 'https://www.linkedin.com', 'fa fa-linkedin'),
(4, 'Google Plus', '', 'fa fa-google-plus'),
(5, 'Pinterest', 'https://www.pinterest.com', 'fa fa-pinterest'),
(6, 'YouTube', '', 'fa fa-youtube'),
(7, 'Instagram', '', 'fa fa-instagram'),
(8, 'Tumblr', '', 'fa fa-tumblr'),
(9, 'Flickr', '', 'fa fa-flickr'),
(10, 'Reddit', '', 'fa fa-reddit'),
(11, 'Snapchat', '', 'fa fa-snapchat'),
(12, 'WhatsApp', '', 'fa fa-whatsapp'),
(13, 'Quora', '', 'fa fa-quora'),
(14, 'StumbleUpon', '', 'fa fa-stumbleupon'),
(15, 'Delicious', '', 'fa fa-delicious'),
(16, 'Digg', '', 'fa fa-digg');

-- --------------------------------------------------------

--
-- Table structure for table `Maleda_News_subscriber`
--

CREATE TABLE `Maleda_News_subscriber` (
  `subs_id` int(11) NOT NULL,
  `subs_email` varchar(255) NOT NULL,
  `subs_date` varchar(100) NOT NULL,
  `subs_date_time` varchar(100) NOT NULL,
  `subs_hash` varchar(255) NOT NULL,
  `subs_active` int(11) NOT NULL
) ENGINE=InnoDB DEFAULT CHARSET=utf8;

--
-- Dumping data for table `Maleda_News_subscriber`
--

INSERT INTO `Maleda_News_subscriber` (`subs_id`, `subs_email`, `subs_date`, `subs_date_time`, `subs_hash`, `subs_active`) VALUES
(4, 'kid@gmail.com', '2020-08-10', '2020-08-10 07:44:23', '', 1);

-- --------------------------------------------------------

--
-- Table structure for table `Maleda_News_user`
--

CREATE TABLE `Maleda_News_user` (
  `id` int(10) NOT NULL,
  `full_name` varchar(100) NOT NULL,
  `email` varchar(255) NOT NULL,
  `phone` varchar(100) NOT NULL,
  `password` varchar(255) NOT NULL,
  `photo` varchar(255) NOT NULL,
  `role` varchar(30) NOT NULL,
  `status` varchar(10) NOT NULL
) ENGINE=InnoDB DEFAULT CHARSET=utf8;

--
-- Dumping data for table `Maleda_News_user`
--

INSERT INTO `Maleda_News_user` (`id`, `full_name`, `email`, `phone`, `password`, `photo`, `role`, `status`) VALUES
(1, 'kidus', 'kidus@gmail.com', '0177777777', '81dc9bdb52d04dc20036dbd8313ed055', 'user-1.jpg', 'Super Admin', 'Active'),
(16, 'teka', 'teka@gmail.com', '4444', 'b59c67bf196a4758191e42f76670ceba', 'user-16.jpg', 'Admin', 'Active'),
(17, 'ki', 'k1@gmail.com', '1111', 'b59c67bf196a4758191e42f76670ceba', '', 'Publisher', 'Active'),
(18, 'k', '12@gmail.com', '', 'a01610228fe998f515a72dd730294d87', '', 'Admin', 'Active');

-- --------------------------------------------------------

--
-- Table structure for table `Maleda_News_video`
--

CREATE TABLE `Maleda_News_video` (
  `video_id` int(11) NOT NULL,
  `video_title` varchar(255) NOT NULL,
  `video_iframe` text NOT NULL,
  `v_category_id` int(11) NOT NULL
) ENGINE=InnoDB DEFAULT CHARSET=utf8;

--
-- Dumping data for table `Maleda_News_video`
--

INSERT INTO `Maleda_News_video` (`video_id`, `video_title`, `video_iframe`, `v_category_id`) VALUES
(11, 'Beutiful Ethiopia123', '<iframe width=\"702\" height=\"392\" src=\"https://www.youtube.com/embed/cujssJJP5Ac\" frameborder=\"0\" allow=\"accelerometer; autoplay; encrypted-media; gyroscope; picture-in-picture\" allowfullscreen></iframe>', 2),
(13, 'Beutiful Ethiopia: The beauty of NAture', '<iframe width=\"697\" height=\"392\" src=\"https://www.youtube.com/embed/lklXgY0oOhQ\" frameborder=\"0\" allow=\"accelerometer; autoplay; encrypted-media; gyroscope; picture-in-picture\" allowfullscreen></iframe>', 2),
(14, 'አባይ ፏፏቴ - የኢትዮጵያ ውበት', '<iframe width=\"697\" height=\"392\" src=\"https://www.youtube.com/embed/ElG9sAiln4A\" frameborder=\"0\" allow=\"accelerometer; autoplay; encrypted-media; gyroscope; picture-in-picture\" allowfullscreen></iframe>', 2),
(15, 'ራስ ዳሽን ተራራ', '<iframe width=\"697\" height=\"392\" src=\"https://www.youtube.com/embed/9Eog20HtloI\" frameborder=\"0\" allow=\"accelerometer; autoplay; encrypted-media; gyroscope; picture-in-picture\" allowfullscreen></iframe>', 2),
(16, 'ቆንጆዋ ኢትዮጵያ ክፍል 2', '<iframe width=\"697\" height=\"392\" src=\"https://www.youtube.com/embed/lklXgY0oOhQ\" frameborder=\"0\" allow=\"accelerometer; autoplay; encrypted-media; gyroscope; picture-in-picture\" allowfullscreen></iframe>', 2),
(17, 'ኦሞ ኢትዮጵያ', '<iframe width=\"697\" height=\"392\" src=\"https://www.youtube.com/embed/Z6CnVSFqEcc\" frameborder=\"0\" allow=\"accelerometer; autoplay; encrypted-media; gyroscope; picture-in-picture\" allowfullscreen></iframe>', 2);

--
-- Indexes for dumped tables
--

--
-- Indexes for table `Maleda_News_advertisement`
--
ALTER TABLE `Maleda_News_advertisement`
  ADD PRIMARY KEY (`adv_id`);

--
-- Indexes for table `Maleda_News_category`
--
ALTER TABLE `Maleda_News_category`
  ADD PRIMARY KEY (`category_id`);

--
-- Indexes for table `Maleda_News_category_photo`
--
ALTER TABLE `Maleda_News_category_photo`
  ADD PRIMARY KEY (`p_category_id`);

--
-- Indexes for table `Maleda_News_category_video`
--
ALTER TABLE `Maleda_News_category_video`
  ADD PRIMARY KEY (`v_category_id`);

--
-- Indexes for table `Maleda_News_comment`
--
ALTER TABLE `Maleda_News_comment`
  ADD PRIMARY KEY (`id`);

--
-- Indexes for table `Maleda_News_file`
--
ALTER TABLE `Maleda_News_file`
  ADD PRIMARY KEY (`file_id`);

--
-- Indexes for table `Maleda_News_home_category`
--
ALTER TABLE `Maleda_News_home_category`
  ADD PRIMARY KEY (`id`);

--
-- Indexes for table `Maleda_News_menu`
--
ALTER TABLE `Maleda_News_menu`
  ADD PRIMARY KEY (`menu_id`);

--
-- Indexes for table `Maleda_News_news`
--
ALTER TABLE `Maleda_News_news`
  ADD PRIMARY KEY (`news_id`);

--
-- Indexes for table `Maleda_News_news_category`
--
ALTER TABLE `Maleda_News_news_category`
  ADD PRIMARY KEY (`news_category_id`);

--
-- Indexes for table `Maleda_News_news_scheduled`
--
ALTER TABLE `Maleda_News_news_scheduled`
  ADD PRIMARY KEY (`id`);

--
-- Indexes for table `Maleda_News_page`
--
ALTER TABLE `Maleda_News_page`
  ADD PRIMARY KEY (`page_id`);

--
-- Indexes for table `Maleda_News_photo`
--
ALTER TABLE `Maleda_News_photo`
  ADD PRIMARY KEY (`photo_id`);

--
-- Indexes for table `Maleda_News_settings`
--
ALTER TABLE `Maleda_News_settings`
  ADD PRIMARY KEY (`id`);

--
-- Indexes for table `Maleda_News_social`
--
ALTER TABLE `Maleda_News_social`
  ADD PRIMARY KEY (`social_id`);

--
-- Indexes for table `Maleda_News_subscriber`
--
ALTER TABLE `Maleda_News_subscriber`
  ADD PRIMARY KEY (`subs_id`);

--
-- Indexes for table `Maleda_News_user`
--
ALTER TABLE `Maleda_News_user`
  ADD PRIMARY KEY (`id`);

--
-- Indexes for table `Maleda_News_video`
--
ALTER TABLE `Maleda_News_video`
  ADD PRIMARY KEY (`video_id`);

--
-- AUTO_INCREMENT for dumped tables
--

--
-- AUTO_INCREMENT for table `Maleda_News_advertisement`
--
ALTER TABLE `Maleda_News_advertisement`
  MODIFY `adv_id` int(11) NOT NULL AUTO_INCREMENT, AUTO_INCREMENT=4;

--
-- AUTO_INCREMENT for table `Maleda_News_category`
--
ALTER TABLE `Maleda_News_category`
  MODIFY `category_id` int(11) NOT NULL AUTO_INCREMENT, AUTO_INCREMENT=24;

--
-- AUTO_INCREMENT for table `Maleda_News_category_photo`
--
ALTER TABLE `Maleda_News_category_photo`
  MODIFY `p_category_id` int(11) NOT NULL AUTO_INCREMENT, AUTO_INCREMENT=3;

--
-- AUTO_INCREMENT for table `Maleda_News_category_video`
--
ALTER TABLE `Maleda_News_category_video`
  MODIFY `v_category_id` int(11) NOT NULL AUTO_INCREMENT, AUTO_INCREMENT=8;

--
-- AUTO_INCREMENT for table `Maleda_News_comment`
--
ALTER TABLE `Maleda_News_comment`
  MODIFY `id` int(11) NOT NULL AUTO_INCREMENT, AUTO_INCREMENT=2;

--
-- AUTO_INCREMENT for table `Maleda_News_file`
--
ALTER TABLE `Maleda_News_file`
  MODIFY `file_id` int(11) NOT NULL AUTO_INCREMENT, AUTO_INCREMENT=2;

--
-- AUTO_INCREMENT for table `Maleda_News_home_category`
--
ALTER TABLE `Maleda_News_home_category`
  MODIFY `id` int(11) NOT NULL AUTO_INCREMENT, AUTO_INCREMENT=22;

--
-- AUTO_INCREMENT for table `Maleda_News_menu`
--
ALTER TABLE `Maleda_News_menu`
  MODIFY `menu_id` int(11) NOT NULL AUTO_INCREMENT, AUTO_INCREMENT=18;

--
-- AUTO_INCREMENT for table `Maleda_News_news`
--
ALTER TABLE `Maleda_News_news`
  MODIFY `news_id` int(11) NOT NULL AUTO_INCREMENT, AUTO_INCREMENT=99;

--
-- AUTO_INCREMENT for table `Maleda_News_news_category`
--
ALTER TABLE `Maleda_News_news_category`
  MODIFY `news_category_id` int(11) NOT NULL AUTO_INCREMENT, AUTO_INCREMENT=865;

--
-- AUTO_INCREMENT for table `Maleda_News_news_scheduled`
--
ALTER TABLE `Maleda_News_news_scheduled`
  MODIFY `id` int(11) NOT NULL AUTO_INCREMENT, AUTO_INCREMENT=2;

--
-- AUTO_INCREMENT for table `Maleda_News_page`
--
ALTER TABLE `Maleda_News_page`
  MODIFY `page_id` int(11) NOT NULL AUTO_INCREMENT, AUTO_INCREMENT=7;

--
-- AUTO_INCREMENT for table `Maleda_News_photo`
--
ALTER TABLE `Maleda_News_photo`
  MODIFY `photo_id` int(11) NOT NULL AUTO_INCREMENT, AUTO_INCREMENT=15;

--
-- AUTO_INCREMENT for table `Maleda_News_settings`
--
ALTER TABLE `Maleda_News_settings`
  MODIFY `id` int(11) NOT NULL AUTO_INCREMENT, AUTO_INCREMENT=2;

--
-- AUTO_INCREMENT for table `Maleda_News_social`
--
ALTER TABLE `Maleda_News_social`
  MODIFY `social_id` int(11) NOT NULL AUTO_INCREMENT, AUTO_INCREMENT=17;

--
-- AUTO_INCREMENT for table `Maleda_News_subscriber`
--
ALTER TABLE `Maleda_News_subscriber`
  MODIFY `subs_id` int(11) NOT NULL AUTO_INCREMENT, AUTO_INCREMENT=10;

--
-- AUTO_INCREMENT for table `Maleda_News_user`
--
ALTER TABLE `Maleda_News_user`
  MODIFY `id` int(10) NOT NULL AUTO_INCREMENT, AUTO_INCREMENT=19;

--
-- AUTO_INCREMENT for table `Maleda_News_video`
--
ALTER TABLE `Maleda_News_video`
  MODIFY `video_id` int(11) NOT NULL AUTO_INCREMENT, AUTO_INCREMENT=19;
COMMIT;

/*!40101 SET CHARACTER_SET_CLIENT=@OLD_CHARACTER_SET_CLIENT */;
/*!40101 SET CHARACTER_SET_RESULTS=@OLD_CHARACTER_SET_RESULTS */;
/*!40101 SET COLLATION_CONNECTION=@OLD_COLLATION_CONNECTION */;
